1.76771e+09 -15 1 1.66845 -15 1 1.66845 
1.76771e+09 -15 1 1.64264 -15 1 1.64264 
1.76771e+09 -15 1 1.61612 -15 1 1.61612 
1.76771e+09 -15 1 1.58943 -15 1 1.58943 
1.76771e+09 -15 1 1.56318 -15 1 1.56318 
1.76771e+09 -15 1 1.53793 -15 1 1.53793 
1.76771e+09 -15 1 1.51416 -15 1 1.51416 
1.76771e+09 -15 1 1.49221 -15 1 1.49221 
1.76771e+09 -15 1 1.47232 -15 1 1.47232 
1.76771e+09 -15 1 1.4546 -15 1 1.4546 
1.76771e+09 -15 1 1.44054 -15 1 1.44054 
1.76771e+09 -15 1 1.42572 -15 1 1.42572 
1.76771e+09 -15 1 1.41439 -15 1 1.41439 
1.76771e+09 -15 1 1.40497 -15 1 1.40497 
1.76771e+09 -15 1 1.39727 -15 1 1.39727 
1.76771e+09 -15 1 1.39111 -15 1 1.39111 
1.76771e+09 -15 1 1.3863 -15 1 1.3863 
1.76771e+09 -15 1 1.38265 -15 1 1.38265 
1.76771e+09 -15 1 1.37999 -15 1 1.37999 
1.76771e+09 -15 1 1.37814 -15 1 1.37814 
1.76771e+09 -15 1 1.37696 -15 1 1.37696 
1.76771e+09 -15 1 1.37632 -15 1 1.37632 
1.76771e+09 -15 1 1.3761 -15 1 1.3761 
1.76771e+09 -15 1 1.3762 -15 1 1.3762 
1.76771e+09 -15 1 1.37653 -15 1 1.37653 
1.76771e+09 -15 1 1.37697 -15 1 1.37697 
1.76771e+09 -15 1 1.37763 -15 1 1.37763 
1.76771e+09 -15 1 1.3783 -15 1 1.3783 
1.76771e+09 -15 1 1.37899 -15 1 1.37899 
1.76771e+09 -15 1 1.37968 -15 1 1.37968 
1.76771e+09 -15 1 1.38035 -15 1 1.38035 
1.76771e+09 -15 1 1.38097 -15 1 1.38097 
1.76771e+09 -15 1 1.38155 -15 1 1.38155 
1.76771e+09 -15 1 1.38207 -15 1 1.38207 
1.76771e+09 -15 1 1.38253 -15 1 1.38253 
1.76771e+09 -15 1 1.38294 -15 1 1.38294 
1.76771e+09 -15 1 1.38328 -15 1 1.38328 
1.76771e+09 -15 1 1.38358 -15 1 1.38358 
1.76771e+09 -15 1 1.38382 -15 1 1.38382 
1.76771e+09 -15 1 1.38402 -15 1 1.38402 
1.76771e+09 -15 1 1.38416 -15 1 1.38416 
1.76771e+09 -15 1 1.38429 -15 1 1.38429 
1.76771e+09 -15 1 1.38438 -15 1 1.38438 
1.76771e+09 -15 1 1.38445 -15 1 1.38445 
1.76771e+09 -15 1 1.38449 -15 1 1.38449 
1.76771e+09 -15 1 1.38451 -15 1 1.38451 
1.76771e+09 -15 1 1.38452 -15 1 1.38452 
1.76771e+09 -15 1 1.38452 -15 1 1.38452 
1.76771e+09 -15 1 1.38451 -15 1 1.38451 
1.76771e+09 -15 1 1.38449 -15 1 1.38449 
1.76771e+09 -15 1 1.38447 -15 1 1.38447 
1.76771e+09 -15 1 1.38445 -15 1 1.38445 
1.76771e+09 -15 1 1.38442 -15 1 1.38442 
1.76771e+09 -15 1 1.3844 -15 1 1.3844 
1.76771e+09 -15 1 1.38438 -15 1 1.38438 
1.76771e+09 -15 1 1.38435 -15 1 1.38435 
1.76771e+09 -15 1 1.38433 -15 1 1.38433 
1.76771e+09 -15 1 1.38431 -15 1 1.38431 
1.76771e+09 -15 1 1.3843 -15 1 1.3843 
1.76771e+09 -15 1 1.38428 -15 1 1.38428 
1.76771e+09 -15 1 1.38427 -15 1 1.38427 
1.76771e+09 -15 1 1.38426 -15 1 1.38426 
1.76771e+09 -15 1 1.38425 -15 1 1.38425 
1.76771e+09 -15 1 1.38424 -15 1 1.38424 
1.76771e+09 -15 1 1.38424 -15 1 1.38424 
1.76771e+09 -15 1 1.38423 -15 1 1.38423 
1.76771e+09 -15 1 1.38423 -15 1 1.38423 
1.76771e+09 -15 1 1.38422 -15 1 1.38422 
1.76771e+09 -15 1 1.38422 -15 1 1.38422 
1.76771e+09 -15 1 1.38422 -15 1 1.38422 
1.76771e+09 -15 1 1.38422 -15 1 1.38422 
1.76771e+09 -15 1 1.38422 -15 1 1.38422 
1.76771e+09 -15 1 1.38422 -15 1 1.38422 
1.76771e+09 -15 1 1.38422 -15 1 1.38422 
1.76771e+09 -15 1 1.38422 -15 1 1.38422 
1.76771e+09 -15 1 1.38422 -15 1 1.38422 
1.76771e+09 -15 1 1.38422 -15 1 1.38422 
1.76771e+09 -15 1 1.38423 -15 1 1.38423 
1.76771e+09 -15 1 1.38423 -15 1 1.38423 
1.76771e+09 -15 1 1.38423 -15 1 1.38423 
1.76771e+09 -15 1 1.38423 -15 1 1.38423 
1.76771e+09 -15 1 1.38423 -15 1 1.38423 
1.76771e+09 -15 1 1.38423 -15 1 1.38423 
1.76771e+09 -15 1 1.38423 -15 1 1.38423 
1.76771e+09 -15 1 1.38423 -15 1 1.38423 
1.76771e+09 -15 1 1.38423 -15 1 1.38423 
1.76771e+09 -15 1 1.38423 -15 1 1.38423 
1.76771e+09 -15 1 1.38423 -15 1 1.38423 
1.76771e+09 -15 1 1.38423 -15 1 1.38423 
1.76771e+09 -15 1 1.38423 -15 1 1.38423 
1.76771e+09 -15 1 1.38423 -15 1 1.38423 
1.76771e+09 -15 1 1.38423 -15 1 1.38423 
1.76771e+09 -15 1 1.38423 -15 1 1.38423 
1.76771e+09 -15 1 1.38423 -15 1 1.38423 
1.76771e+09 -15 1 1.38423 -15 1 1.38423 
1.76771e+09 -15 1 1.38423 -15 1 1.38423 
1.76771e+09 -15 1 1.38423 -15 1 1.38423 
1.76771e+09 -15 1 1.38423 -15 1 1.38423 
1.76771e+09 -15 1 1.38423 -15 1 1.38423 
1.76771e+09 -15 1 1.38423 -15 1 1.38423 
1.76771e+09 -15 1 1.38423 -15 1 1.38423 
1.76771e+09 -15 1 1.38423 -15 1 1.38423 
1.76771e+09 -15 1 1.38423 -15 1 1.38423 
1.76771e+09 -15 1 1.38423 -15 1 1.38423 
1.76771e+09 -15 1 1.38423 -15 1 1.38423 
1.76771e+09 -15 1 1.38423 -15 1 1.38423 
1.76771e+09 -15 1 1.38423 -15 1 1.38423 
1.76771e+09 -15 1 1.38423 -15 1 1.38423 
1.76771e+09 -15 1 1.38423 -15 1 1.38423 
1.76771e+09 -15 1 1.38423 -15 1 1.38423 
1.76771e+09 -15 1 1.38423 -15 1 1.38423 
1.76771e+09 -15 1 1.38423 -15 1 1.38423 
1.76771e+09 -15 1 1.38423 -15 1 1.38423 
1.76771e+09 -15 1 1.38423 -15 1 1.38423 
1.76771e+09 -15 1 1.38423 -15 1 1.38423 
1.76771e+09 -15 1 1.38423 -15 1 1.38423 
1.76771e+09 -15 1 1.38423 -15 1 1.38423 
1.76771e+09 -15 1 1.38423 -15 1 1.38423 
1.76771e+09 -15 1 1.38423 -15 1 1.38423 
1.76771e+09 -15 1 1.38423 -15 1 1.38423 
1.76771e+09 -15 1 1.38423 -15 1 1.38423 
1.76771e+09 -15 1 1.38423 -15 1 1.38423 
1.76771e+09 -15 1 1.38423 -15 1 1.38423 
1.76771e+09 -15 1 1.38423 -15 1 1.38423 
1.76771e+09 -15 1 1.38423 -15 1 1.38423 
1.76771e+09 -15 1 1.38423 -15 1 1.38423 
1.76771e+09 -15 1 1.38423 -15 1 1.38423 
1.76771e+09 -15 1 1.38423 -15 1 1.38423 
1.76771e+09 -15 1 1.38423 -15 1 1.38423 
1.76771e+09 -15 1 1.38423 -15 1 1.38423 
1.76771e+09 -15 1 1.38423 -15 1 1.38423 
1.76771e+09 -15 1 1.38423 -15 1 1.38423 
1.76771e+09 -15 1 1.38423 -15 1 1.38423 
1.76771e+09 -15 1 1.38423 -15 1 1.38423 
1.76771e+09 -15 1 1.38423 -15 1 1.38423 
1.76771e+09 -15 1 1.38423 -15 1 1.38423 
1.76771e+09 -15 1 1.38423 -15 1 1.38423 
1.76771e+09 -15 1 1.38423 -15 1 1.38423 
1.76771e+09 -15 1 1.38423 -15 1 1.38423 
1.76771e+09 -15 1 1.38423 -15 1 1.38423 
1.76771e+09 -15 1 1.38423 -15 1 1.38423 
1.76771e+09 -15 1 1.38423 -15 1 1.38423 
1.76771e+09 -15 1 1.38423 -15 1 1.38423 
1.76771e+09 -15 1 1.38423 -15 1 1.38423 
1.76771e+09 -15 1 1.38423 -15 1 1.38423 
1.76771e+09 -15 1 1.38423 -15 1 1.38423 
1.76771e+09 -15 1 1.38423 -15 1 1.38423 
1.76771e+09 -15 1 1.38423 -15 1 1.38423 
1.76771e+09 -15 1 1.38423 -15 1 1.38423 
1.76771e+09 -15 1 1.38423 -15 1 1.38423 
1.76771e+09 -15 1 1.38423 -15 1 1.38423 
1.76771e+09 -15 1 1.38423 -15 1 1.38423 
1.76771e+09 -15 1 1.38423 -15 1 1.38423 
1.76771e+09 -15 1 1.38423 -15 1 1.38423 
1.76771e+09 -15 1 1.38423 -15 1 1.38423 
1.76771e+09 -15 1 1.38423 -15 1 1.38423 
1.76771e+09 -15 1 1.38423 -15 1 1.38423 
1.76771e+09 -15 1 1.38423 -15 1 1.38423 
1.76771e+09 -15 1 1.38423 -15 1 1.38423 
1.76771e+09 -15 1 1.38423 -15 1 1.38423 
1.76771e+09 -15 1 1.38423 -15 1 1.38423 
1.76771e+09 -15 1 1.38423 -15 1 1.38423 
1.76771e+09 -15 1 1.38423 -15 1 1.38423 
1.76771e+09 -15 1 1.38423 -15 1 1.38423 
1.76771e+09 -15 1 1.38423 -15 1 1.38423 
1.76771e+09 -15 1 1.38423 -15 1 1.38423 
1.76771e+09 -15 1 1.38423 -15 1 1.38423 
1.76771e+09 -15 1 1.38423 -15 1 1.38423 
1.76771e+09 -15 1 1.38423 -15 1 1.38423 
1.76771e+09 -15 1 1.38423 -15 1 1.38423 
1.76771e+09 -15 1 1.38423 -15 1 1.38423 
1.76771e+09 -15 1 1.38423 -15 1 1.38423 
1.76771e+09 -15 1 1.38423 -15 1 1.38423 
1.76771e+09 -15 1 1.38423 -15 1 1.38423 
1.76771e+09 -15 1 1.38423 -15 1 1.38423 
1.76771e+09 -15 1 1.38423 -15 1 1.38423 
1.76771e+09 -15 1 1.38423 -15 1 1.38423 
1.76771e+09 -15 1 1.38423 -15 1 1.38423 
1.76771e+09 -15 1 1.38423 -15 1 1.38423 
1.76771e+09 -15 1 1.38423 -15 1 1.38423 
1.76771e+09 -15 1 1.38423 -15 1 1.38423 
1.76771e+09 -15 1 1.38423 -15 1 1.38423 
1.76771e+09 -15 1 1.38423 -15 1 1.38423 
1.76771e+09 -15 1 1.38423 -15 1 1.38423 
1.76771e+09 -15 1 1.38423 -15 1 1.38423 
1.76771e+09 -15 1 1.38423 -15 1 1.38423 
1.76771e+09 -15 1 1.38423 -15 1 1.38423 
1.76771e+09 -15 1 1.38423 -15 1 1.38423 
1.76771e+09 -15 1 1.38423 -15 1 1.38423 
1.76771e+09 -15 1 1.38423 -15 1 1.38423 
1.76771e+09 -15 1 1.38423 -15 1 1.38423 
1.76771e+09 -15 1 1.38423 -15 1 1.38423 
1.76771e+09 -15 1 1.38423 -15 1 1.38423 
1.76771e+09 -15 1 1.38423 -15 1 1.38423 
1.76771e+09 -15 1 1.38423 -15 1 1.38423 
1.76771e+09 -15 1 1.38423 -15 1 1.38423 
1.76771e+09 -15 1 1.38423 -15 1 1.38423 
1.76771e+09 -15 1 1.38423 -15 1 1.38423 
1.76771e+09 -15 1 1.38423 -15 1 1.38423 
1.76771e+09 -15 1 1.38423 -15 1 1.38423 
1.76771e+09 -15 1 1.38423 -15 1 1.38423 
1.76771e+09 -15 1 1.38423 -15 1 1.38423 
1.76771e+09 -15 1 1.38423 -15 1 1.38423 
1.76771e+09 -15 1 1.38423 -15 1 1.38423 
1.76771e+09 -15 1 1.38423 -15 1 1.38423 
1.76771e+09 -15 1 1.38423 -15 1 1.38423 
1.76771e+09 -15 1 1.38423 -15 1 1.38423 
1.76771e+09 -15 1 1.38423 -15 1 1.38423 
1.76771e+09 -15 1 1.38423 -15 1 1.38423 
1.76771e+09 -15 1 1.38423 -15 1 1.38423 
1.76771e+09 -15 1 1.38423 -15 1 1.38423 
1.76771e+09 -15 1 1.38423 -15 1 1.38423 
1.76771e+09 -15 1 1.38423 -15 1 1.38423 
1.76771e+09 -15 1 1.38423 -15 1 1.38423 
1.76771e+09 -15 1 1.38423 -15 1 1.38423 
1.76771e+09 -15 1 1.38423 -15 1 1.38423 
1.76771e+09 -15 1 1.38423 -15 1 1.38423 
1.76771e+09 -15 1 1.38423 -15 1 1.38423 
1.76771e+09 -15 1 1.38423 -15 1 1.38423 
1.76771e+09 -15 1 1.38423 -15 1 1.38423 
1.76771e+09 -15 1 1.38423 -15 1 1.38423 
1.76771e+09 -15 1 1.38423 -15 1 1.38423 
1.76771e+09 -15 1 1.38423 -15 1 1.38423 
1.76771e+09 -15 1 1.38423 -15 1 1.38423 
1.76771e+09 -15 1 1.38423 -15 1 1.38423 
1.76771e+09 -15 1 1.38423 -15 1 1.38423 
1.76771e+09 -15 1 1.38423 -15 1 1.38423 
1.76771e+09 -15 1 1.38423 -15 1 1.38423 
1.76771e+09 -15 1 1.38423 -15 1 1.38423 
1.76771e+09 -15 1 1.38423 -15 1 1.38423 
1.76771e+09 -15 1 1.38423 -15 1 1.38423 
1.76771e+09 -15 1 1.38423 -15 1 1.38423 
1.76771e+09 -15 1 1.38423 -15 1 1.38423 
1.76771e+09 -15 1 1.38423 -15 1 1.38423 
1.76771e+09 -15 1 1.38423 -15 1 1.38423 
1.76771e+09 -15 1 1.38423 -15 1 1.38423 
1.76771e+09 -15 1 1.38423 -15 1 1.38423 
1.76771e+09 -15 1 1.38423 -15 1 1.38423 
1.76771e+09 -15 1 1.38423 -15 1 1.38423 
1.76771e+09 -15 1 1.38423 -15 1 1.38423 
1.76771e+09 -15 1 1.38423 -15 1 1.38423 
1.76771e+09 -15 1 1.38423 -15 1 1.38423 
1.76771e+09 -15 1 1.38423 -15 1 1.38423 
1.76771e+09 -15 1 1.38423 -15 1 1.38423 
1.76771e+09 -15 1 1.38423 -15 1 1.38423 
1.76771e+09 -15 1 1.38423 -15 1 1.38423 
1.76771e+09 -15 1 1.38423 -15 1 1.38423 
1.76771e+09 -15 1 1.38423 -15 1 1.38423 
1.76771e+09 -15 1 1.38423 -15 1 1.38423 
1.76771e+09 -15 1 1.38423 -15 1 1.38423 
1.76771e+09 -15 1 1.38423 -15 1 1.38423 
1.76771e+09 -15 1 1.38423 -15 1 1.38423 
1.76771e+09 -15 1 1.38423 -15 1 1.38423 
1.76771e+09 -15 1 1.38423 -15 1 1.38423 
1.76771e+09 -15 1 1.38423 -15 1 1.38423 
1.76771e+09 -15 1 1.38423 -15 1 1.38423 
1.76771e+09 -15 1 1.38423 -15 1 1.38423 
1.76771e+09 -15 1 1.38423 -15 1 1.38423 
1.76771e+09 -15 1 1.38423 -15 1 1.38423 
1.76771e+09 -15 1 1.38423 -15 1 1.38423 
1.76771e+09 -15 1 1.38423 -15 1 1.38423 
1.76771e+09 -15 1 1.38423 -15 1 1.38423 
1.76771e+09 -15 1 1.38423 -15 1 1.38423 
1.76771e+09 -15 1 1.38423 -15 1 1.38423 
1.76771e+09 -15 1 1.38423 -15 1 1.38423 
1.76771e+09 -15 1 1.38423 -15 1 1.38423 
1.76771e+09 -15 1 1.38423 -15 1 1.38423 
1.76771e+09 -15 1 1.38423 -15 1 1.38423 
1.76771e+09 -15 1 1.38423 -15 1 1.38423 
1.76771e+09 -15 1 1.38423 -15 1 1.38423 
1.76771e+09 -15 1 1.38423 -15 1 1.38423 
1.76771e+09 -15 1 1.38423 -15 1 1.38423 
1.76771e+09 -15 1 1.38423 -15 1 1.38423 
1.76771e+09 -15 1 1.38423 -15 1 1.38423 
1.76771e+09 -15 1 1.38423 -15 1 1.38423 
1.76771e+09 -15 1 1.38423 -15 1 1.38423 
1.76771e+09 -15 1 1.38423 -15 1 1.38423 
1.76771e+09 -15 1 1.38423 -15 1 1.38423 
1.76771e+09 -15 1 1.38423 -15 1 1.38423 
1.76771e+09 -15 1 1.38423 -15 1 1.38423 
1.76771e+09 -15 1 1.38423 -15 1 1.38423 
1.76771e+09 -15 1 1.38423 -15 1 1.38423 
1.76771e+09 -15 1 1.38423 -15 1 1.38423 
1.76771e+09 -15 1 1.38423 -15 1 1.38423 
1.76771e+09 -15 1 1.38423 -15 1 1.38423 
1.76771e+09 -15 1 1.38423 -15 1 1.38423 
1.76771e+09 -15 1 1.38423 -15 1 1.38423 
1.76771e+09 -15 1 1.38423 -15 1 1.38423 
1.76771e+09 -15 1 1.38423 -15 1 1.38423 
1.76771e+09 -15 1 1.38423 -15 1 1.38423 
1.76771e+09 -15 1 1.38423 -15 1 1.38423 
1.76771e+09 -15 1 1.38423 -15 1 1.38423 
1.76771e+09 -15 1 1.38423 -15 1 1.38423 
1.76771e+09 -15 1 1.38423 -15 1 1.38423 
1.76771e+09 -15 1 1.38423 -15 1 1.38423 
1.76771e+09 -15 1 1.38423 -15 1 1.38423 
1.76771e+09 -15 1 1.38423 -15 1 1.38423 
1.76771e+09 -15 1 1.38423 -15 1 1.38423 
1.76771e+09 -15 1 1.38423 -15 1 1.38423 
1.76771e+09 -15 1 1.38423 -15 1 1.38423 
1.76771e+09 -15 1 1.38423 -15 1 1.38423 
1.76771e+09 -15 1 1.38423 -15 1 1.38423 
1.76771e+09 -15 1 1.38423 -15 1 1.38423 
1.76771e+09 -15 1 1.38423 -15 1 1.38423 
1.76771e+09 -15 1 1.38423 -15 1 1.38423 
1.76771e+09 -15 1 1.38423 -15 1 1.38423 
1.76771e+09 -15 1 1.38423 -15 1 1.38423 
1.76771e+09 -15 1 1.38423 -15 1 1.38423 
1.76771e+09 -15 1 1.38423 -15 1 1.38423 
1.76771e+09 -15 1 1.38423 -15 1 1.38423 
1.76771e+09 -15 1 1.38423 -15 1 1.38423 
1.76771e+09 -15 1 1.38423 -15 1 1.38423 
1.76771e+09 -15 1 1.38423 -15 1 1.38423 
1.76771e+09 -15 1 1.38423 -15 1 1.38423 
1.76771e+09 -15 1 1.38423 -15 1 1.38423 
1.76771e+09 -15 1 1.38423 -15 1 1.38423 
1.76771e+09 -15 1 1.38423 -15 1 1.38423 
1.76771e+09 -15 1 1.38423 -15 1 1.38423 
1.76771e+09 -15 1 1.38423 -15 1 1.38423 
1.76771e+09 -15 1 1.38423 -15 1 1.38423 
1.76771e+09 -15 1 1.38423 -15 1 1.38423 
1.76771e+09 -15 1 1.38423 -15 1 1.38423 
1.76771e+09 -15 1 1.38423 -15 1 1.38423 
1.76771e+09 -15 1 1.38423 -15 1 1.38423 
1.76771e+09 -15 1 1.38423 -15 1 1.38423 
1.76771e+09 -15 1 1.38423 -15 1 1.38423 
1.76771e+09 -15 1 1.38423 -15 1 1.38423 
1.76771e+09 -15 1 1.38423 -15 1 1.38423 
1.76771e+09 -15 1 1.38423 -15 1 1.38423 
1.76771e+09 -15 1 1.38423 -15 1 1.38423 
1.76771e+09 -15 1 1.38423 -15 1 1.38423 
1.76771e+09 -15 1 1.38423 -15 1 1.38423 
1.76771e+09 -15 1 1.38423 -15 1 1.38423 
1.76771e+09 -15 1 1.38423 -15 1 1.38423 
1.76771e+09 -15 1 1.38423 -15 1 1.38423 
1.76771e+09 -15 1 1.38423 -15 1 1.38423 
1.76771e+09 -15 1 1.38423 -15 1 1.38423 
1.76771e+09 -15 1 1.38423 -15 1 1.38423 
1.76771e+09 -15 1 1.38423 -15 1 1.38423 
1.76771e+09 -15 1 1.38423 -15 1 1.38423 
1.76771e+09 -15 1 1.38423 -15 1 1.38423 
1.76771e+09 -15 1 1.38423 -15 1 1.38423 
1.76771e+09 -15 1 1.38423 -15 1 1.38423 
1.76771e+09 -15 1 1.38423 -15 1 1.38423 
1.76771e+09 -15 1 1.38423 -15 1 1.38423 
1.76771e+09 -15 1 1.38423 -15 1 1.38423 
1.76771e+09 -15 1 1.38423 -15 1 1.38423 
1.76771e+09 -15 1 1.38423 -15 1 1.38423 
1.76771e+09 -15 1 1.38423 -15 1 1.38423 
1.76771e+09 -15 1 1.38423 -15 1 1.38423 
1.76771e+09 -15 1 1.38423 -15 1 1.38423 
1.76771e+09 -15 1 1.38423 -15 1 1.38423 
1.76771e+09 -15 1 1.38423 -15 1 1.38423 
1.76771e+09 -15 1 1.38423 -15 1 1.38423 
1.76771e+09 -15 1 1.38423 -15 1 1.38423 
1.76771e+09 -15 1 1.38423 -15 1 1.38423 
1.76771e+09 -15 1 1.38423 -15 1 1.38423 
1.76771e+09 -15 1 1.38423 -15 1 1.38423 
1.76771e+09 -15 1 1.38423 -15 1 1.38423 
1.76771e+09 -15 1 1.38423 -15 1 1.38423 
1.76771e+09 -15 1 1.38423 -15 1 1.38423 
1.76771e+09 -15 1 1.38423 -15 1 1.38423 
1.76771e+09 -15 1 1.38423 -15 1 1.38423 
1.76771e+09 -15 1 1.38423 -15 1 1.38423 
1.76771e+09 -15 1 1.38423 -15 1 1.38423 
1.76771e+09 -15 1 1.38423 -15 1 1.38423 
1.76771e+09 -15 1 1.38423 -15 1 1.38423 
1.76771e+09 -15 1 1.38423 -15 1 1.38423 
1.76771e+09 -15 1 1.38423 -15 1 1.38423 
1.76771e+09 -15 1 1.38423 -15 1 1.38423 
1.76771e+09 -15 1 1.38423 -15 1 1.38423 
1.76771e+09 -15 1 1.38423 -15 1 1.38423 
1.76771e+09 -15 1 1.38423 -15 1 1.38423 
1.76771e+09 -15 1 1.38423 -15 1 1.38423 
1.76771e+09 -15 1 1.38423 -15 1 1.38423 
1.76771e+09 -15 1 1.38423 -15 1 1.38423 
1.76771e+09 -15 1 1.38423 -15 1 1.38423 
1.76771e+09 -15 1 1.38423 -15 1 1.38423 
1.76771e+09 -15 1 1.38423 -15 1 1.38423 
1.76771e+09 -15 1 1.38423 -15 1 1.38423 
1.76771e+09 -15 1 1.38423 -15 1 1.38423 
1.76771e+09 -15 1 1.38423 -15 1 1.38423 
1.76771e+09 -15 1 1.38423 -15 1 1.38423 
1.76771e+09 -15 1 1.38423 -15 1 1.38423 
1.76771e+09 -15 1 1.38423 -15 1 1.38423 
1.76771e+09 -15 1 1.38423 -15 1 1.38423 
1.76771e+09 -15 1 1.38423 -15 1 1.38423 
1.76771e+09 -15 1 1.38423 -15 1 1.38423 
1.76771e+09 -15 1 1.38423 -15 1 1.38423 
1.76771e+09 -15 1 1.38423 -15 1 1.38423 
1.76771e+09 -15 1 1.38423 -15 1 1.38423 
1.76771e+09 -15 1 1.38423 -15 1 1.38423 
1.76771e+09 -15 1 1.38423 -15 1 1.38423 
1.76771e+09 -15 1 1.38423 -15 1 1.38423 
1.76771e+09 -15 1 1.38423 -15 1 1.38423 
1.76771e+09 -15 1 1.38423 -15 1 1.38423 
1.76771e+09 -15 1 1.38423 -15 1 1.38423 
1.76771e+09 -15 1 1.38423 -15 1 1.38423 
1.76771e+09 -15 1 1.38423 -15 1 1.38423 
1.76771e+09 -15 1 1.38423 -15 1 1.38423 
1.76771e+09 -15 1 1.38423 -15 1 1.38423 
1.76771e+09 -15 1 1.38423 -15 1 1.38423 
1.76771e+09 -15 1 1.38423 -15 1 1.38423 
1.76771e+09 -15 1 1.38423 -15 1 1.38423 
1.76771e+09 -15 1 1.38423 -15 1 1.38423 
1.76771e+09 -15 1 1.38423 -15 1 1.38423 
1.76771e+09 -15 1 1.38423 -15 1 1.38423 
1.76771e+09 -15 1 1.38423 -15 1 1.38423 
1.76771e+09 -15 1 1.38423 -15 1 1.38423 
1.76771e+09 -15 1 1.38423 -15 1 1.38423 
1.76771e+09 -15 1 1.38423 -15 1 1.38423 
1.76771e+09 -15 1 1.38423 -15 1 1.38423 
1.76771e+09 -15 1 1.38423 -15 1 1.38423 
1.76771e+09 -15 1 1.38423 -15 1 1.38423 
1.76771e+09 -15 1 1.38423 -15 1 1.38423 
1.76771e+09 -15 1 1.38423 -15 1 1.38423 
1.76771e+09 -15 1 1.38423 -15 1 1.38423 
1.76771e+09 -15 1 1.38423 -15 1 1.38423 
1.76771e+09 -15 1 1.38423 -15 1 1.38423 
1.76771e+09 -15 1 1.38423 -15 1 1.38423 
1.76771e+09 -15 1 1.38423 -15 1 1.38423 
1.76771e+09 -15 1 1.38423 -15 1 1.38423 
1.76771e+09 -15 1 1.38423 -15 1 1.38423 
1.76771e+09 -15 1 1.38423 -15 1 1.38423 
1.76771e+09 -15 1 1.38423 -15 1 1.38423 
1.76771e+09 -15 1 1.38423 -15 1 1.38423 
1.76771e+09 -15 1 1.38423 -15 1 1.38423 
1.76771e+09 -15 1 1.38423 -15 1 1.38423 
1.76771e+09 -15 1 1.38423 -15 1 1.38423 
1.76771e+09 -15 1 1.38423 -15 1 1.38423 
1.76771e+09 -15 1 1.38423 -15 1 1.38423 
1.76771e+09 -15 1 1.38423 -15 1 1.38423 
1.76771e+09 -15 1 1.38423 -15 1 1.38423 
1.76771e+09 -15 1 1.38423 -15 1 1.38423 
1.76771e+09 -15 1 1.38423 -15 1 1.38423 
1.76771e+09 -15 1 1.38423 -15 1 1.38423 
1.76771e+09 -15 1 1.38423 -15 1 1.38423 
1.76771e+09 -15 1 1.38423 -15 1 1.38423 
1.76771e+09 -15 1 1.38423 -15 1 1.38423 
1.76771e+09 -15 1 1.38423 -15 1 1.38423 
1.76771e+09 -15 1 1.38423 -15 1 1.38423 
1.76771e+09 -15 1 1.38423 -15 1 1.38423 
1.76771e+09 -15 1 1.38423 -15 1 1.38423 
1.76771e+09 -15 1 1.38423 -15 1 1.38423 
1.76771e+09 -15 1 1.38423 -15 1 1.38423 
1.76771e+09 -15 1 1.38423 -15 1 1.38423 
1.76771e+09 -15 1 1.38423 -15 1 1.38423 
1.76771e+09 -15 1 1.38423 -15 1 1.38423 
1.76771e+09 -15 1 1.38423 -15 1 1.38423 
1.76771e+09 -15 1 1.38423 -15 1 1.38423 
1.76771e+09 -15 1 1.38423 -15 1 1.38423 
1.76771e+09 -15 1 1.38423 -15 1 1.38423 
1.76771e+09 -15 1 1.38423 -15 1 1.38423 
1.76771e+09 -15 1 1.38423 -15 1 1.38423 
1.76771e+09 -15 1 1.38423 -15 1 1.38423 
1.76771e+09 -15 1 1.38423 -15 1 1.38423 
1.76771e+09 -15 1 1.38423 -15 1 1.38423 
1.76771e+09 -15 1 1.38423 -15 1 1.38423 
1.76771e+09 -15 1 1.38423 -15 1 1.38423 
1.76771e+09 -15 1 1.38423 -15 1 1.38423 
1.76771e+09 -15 1 1.38423 -15 1 1.38423 
1.76771e+09 -15 1 1.38423 -15 1 1.38423 
1.76771e+09 -15 1 1.38423 -15 1 1.38423 
1.76771e+09 -15 1 1.38423 -15 1 1.38423 
1.76771e+09 -15 1 1.38423 -15 1 1.38423 
1.76771e+09 -15 1 1.38423 -15 1 1.38423 
1.76771e+09 -15 1 1.38423 -15 1 1.38423 
1.76771e+09 -15 1 1.38423 -15 1 1.38423 
1.76771e+09 -15 1 1.38423 -15 1 1.38423 
1.76771e+09 -15 1 1.38423 -15 1 1.38423 
1.76771e+09 -15 1 1.38423 -15 1 1.38423 
1.76771e+09 -15 1 1.38423 -15 1 1.38423 
1.76771e+09 -15 1 1.38423 -15 1 1.38423 
1.76771e+09 -15 1 1.38423 -15 1 1.38423 
1.76771e+09 -15 1 1.38423 -15 1 1.38423 
1.76771e+09 -15 1 1.38423 -15 1 1.38423 
1.76771e+09 -15 1 1.38423 -15 1 1.38423 
1.76771e+09 -15 1 1.38423 -15 1 1.38423 
1.76771e+09 -15 1 1.38423 -15 1 1.38423 
1.76771e+09 -15 1 1.38423 -15 1 1.38423 
1.76771e+09 -15 1 1.38423 -15 1 1.38423 
1.76771e+09 -15 1 1.38423 -15 1 1.38423 
1.76771e+09 -15 1 1.38423 -15 1 1.38423 
1.76771e+09 -15 1 1.38423 -15 1 1.38423 
1.76771e+09 -15 1 1.38423 -15 1 1.38423 
1.76771e+09 -15 1 1.38423 -15 1 1.38423 
1.76771e+09 -15 1 1.38423 -15 1 1.38423 
1.76771e+09 -15 1 1.38423 -15 1 1.38423 
1.76771e+09 -15 1 1.38423 -15 1 1.38423 
1.76771e+09 -15 1 1.38423 -15 1 1.38423 
1.76771e+09 -15 1 1.38423 -15 1 1.38423 
1.76771e+09 -15 1 1.38423 -15 1 1.38423 
1.76771e+09 -15 1 1.38423 -15 1 1.38423 
1.76771e+09 -15 1 1.38423 -15 1 1.38423 
1.76771e+09 -15 1 1.38423 -15 1 1.38423 
1.76771e+09 -15 1 1.38423 -15 1 1.38423 
1.76771e+09 -15 1 1.38423 -15 1 1.38423 
1.76771e+09 -15 1 1.38423 -15 1 1.38423 
1.76771e+09 -15 1 1.38423 -15 1 1.38423 
1.76771e+09 -15 1 1.38423 -15 1 1.38423 
1.76771e+09 -15 1 1.38423 -15 1 1.38423 
1.76771e+09 -15 1 1.38423 -15 1 1.38423 
1.76771e+09 -15 1 1.38423 -15 1 1.38423 
1.76771e+09 -15 1 1.38423 -15 1 1.38423 
1.76771e+09 -15 1 1.38423 -15 1 1.38423 
1.76771e+09 -15 1 1.38423 -15 1 1.38423 
1.76771e+09 -15 1 1.38423 -15 1 1.38423 
1.76771e+09 -15 1 1.38423 -15 1 1.38423 
1.76771e+09 -15 1 1.38423 -15 1 1.38423 
1.76771e+09 -15 1 1.38423 -15 1 1.38423 
1.76771e+09 -15 1 1.38423 -15 1 1.38423 
1.76771e+09 -15 1 1.38423 -15 1 1.38423 
1.76771e+09 -15 1 1.38423 -15 1 1.38423 
1.76771e+09 -15 1 1.38423 -15 1 1.38423 
1.76771e+09 -15 1 1.38423 -15 1 1.38423 
1.76771e+09 -15 1 1.38423 -15 1 1.38423 
1.76771e+09 -15 1 1.38423 -15 1 1.38423 
1.76771e+09 -15 1 1.38423 -15 1 1.38423 
1.76771e+09 -15 1 1.38423 -15 1 1.38423 
1.76771e+09 -15 1 1.38423 -15 1 1.38423 
1.76771e+09 -15 1 1.38423 -15 1 1.38423 
1.76771e+09 -15 1 1.38423 -15 1 1.38423 
1.76771e+09 -15 1 1.38423 -15 1 1.38423 
1.76771e+09 -15 1 1.38423 -15 1 1.38423 
1.76771e+09 -15 1 1.38423 -15 1 1.38423 
1.76771e+09 -15 1 1.38423 -15 1 1.38423 
1.76771e+09 -15 1 1.38423 -15 1 1.38423 
1.76771e+09 -15 1 1.38423 -15 1 1.38423 
1.76771e+09 -15 1 1.38423 -15 1 1.38423 
1.76771e+09 -15 1 1.38423 -15 1 1.38423 
1.76771e+09 -15 1 1.38423 -15 1 1.38423 
1.76771e+09 -15 1 1.38423 -15 1 1.38423 
1.76771e+09 -15 1 1.38423 -15 1 1.38423 
1.76771e+09 -15 1 1.38423 -15 1 1.38423 
1.76771e+09 -15 1 1.38423 -15 1 1.38423 
1.76771e+09 -15 1 1.38423 -15 1 1.38423 
1.76771e+09 -15 1 1.38423 -15 1 1.38423 
1.76771e+09 -15 1 1.38423 -15 1 1.38423 
1.76771e+09 -15 1 1.38423 -15 1 1.38423 
1.76771e+09 -15 1 1.38423 -15 1 1.38423 
1.76771e+09 -15 1 1.38423 -15 1 1.38423 
1.76771e+09 -15 1 1.38423 -15 1 1.38423 
1.76771e+09 -15 1 1.38423 -15 1 1.38423 
1.76771e+09 -15 1 1.38423 -15 1 1.38423 
1.76771e+09 -15 1 1.38423 -15 1 1.38423 
1.76771e+09 -15 1 1.38423 -15 1 1.38423 
1.76771e+09 -15 1 1.38423 -15 1 1.38423 
1.76771e+09 -15 1 1.38423 -15 1 1.38423 
1.76771e+09 -15 1 1.38423 -15 1 1.38423 
1.76771e+09 -15 1 1.38423 -15 1 1.38423 
1.76771e+09 -15 1 1.38423 -15 1 1.38423 
1.76771e+09 -15 1 1.38423 -15 1 1.38423 
1.76771e+09 -15 1 1.38423 -15 1 1.38423 
1.76771e+09 -15 1 1.38423 -15 1 1.38423 
1.76771e+09 -15 1 1.38423 -15 1 1.38424 
1.76771e+09 -15 1 1.38423 -15 1 1.3843 
1.76771e+09 -15 1.00001 1.38422 -15 1 1.38451 
1.76771e+09 -15 1.00001 1.38421 -15 1 1.38499 
1.76771e+09 -14.9999 1.00003 1.3842 -15 1 1.38579 
1.76771e+09 -14.9999 1.00005 1.38418 -15 1 1.38693 
1.76771e+09 -14.9998 1.00008 1.38415 -15 1 1.38838 
1.76771e+09 -14.9997 1.00011 1.38411 -15 1 1.39007 
1.76771e+09 -14.9996 1.00016 1.38406 -15 1 1.3917 
1.76771e+09 -14.9994 1.00022 1.38399 -14.9999 1 1.3937 
1.76771e+09 -14.9992 1.00029 1.38391 -14.9999 1.00001 1.39542 
1.76771e+09 -14.999 1.00037 1.38382 -14.9998 1.00001 1.39693 
1.76771e+09 -14.9987 1.00047 1.38371 -14.9998 1.00002 1.39815 
1.76771e+09 -14.9984 1.00058 1.38359 -14.9997 1.00003 1.39901 
1.76771e+09 -14.998 1.00072 1.38343 -14.9995 1.00005 1.3995 
1.76771e+09 -14.9977 1.00085 1.38329 -14.9994 1.00008 1.39967 
1.76771e+09 -14.9972 1.00102 1.38309 -14.9992 1.00013 1.39959 
1.76771e+09 -14.9967 1.00119 1.38291 -14.999 1.00018 1.39936 
1.76771e+09 -14.9962 1.00139 1.38268 -14.9987 1.00027 1.39899 
1.76771e+09 -14.9955 1.00162 1.38243 -14.9982 1.00039 1.3985 
1.76771e+09 -14.9949 1.00185 1.38217 -14.9978 1.00054 1.39804 
1.76771e+09 -14.9942 1.00212 1.38187 -14.9972 1.00073 1.39759 
1.76771e+09 -14.9933 1.00242 1.38153 -14.9967 1.00093 1.39719 
1.76771e+09 -14.9925 1.0027 1.38122 -14.996 1.00117 1.39679 
1.76771e+09 -14.9915 1.00307 1.38081 -14.9951 1.00147 1.39633 
1.76771e+09 -14.9905 1.00342 1.38042 -14.9942 1.00181 1.39584 
1.76771e+09 -14.9894 1.0038 1.37999 -14.9931 1.0022 1.39529 
1.76771e+09 -14.9884 1.00418 1.37956 -14.9921 1.00259 1.39474 
1.76771e+09 -14.9871 1.00461 1.37907 -14.9908 1.00306 1.39403 
1.76771e+09 -14.9857 1.00512 1.3785 -14.9892 1.00362 1.39314 
1.76771e+09 -14.9843 1.0056 1.37796 -14.9877 1.00416 1.39222 
1.76771e+09 -14.9829 1.00611 1.37738 -14.9861 1.00474 1.3912 
1.76771e+09 -14.9815 1.0066 1.37683 -14.9846 1.00529 1.3902 
1.76771e+09 -14.9798 1.00718 1.37618 -14.9828 1.00593 1.38901 
1.76771e+09 -14.978 1.00783 1.37545 -14.9808 1.00665 1.38762 
1.76771e+09 -14.9762 1.00845 1.37474 -14.9789 1.00734 1.38629 
1.76771e+09 -14.9743 1.00911 1.374 -14.9769 1.00804 1.38492 
1.76771e+09 -14.9725 1.00974 1.37328 -14.9751 1.00869 1.38366 
1.76771e+09 -14.9704 1.01048 1.37244 -14.973 1.00943 1.38223 
1.76771e+09 -14.9679 1.01133 1.37148 -14.9707 1.01027 1.38064 
1.76771e+09 -14.9658 1.01206 1.37066 -14.9684 1.01106 1.37919 
1.76771e+09 -14.9635 1.01287 1.36973 -14.9661 1.01187 1.37773 
1.76771e+09 -14.9612 1.01365 1.36884 -14.964 1.01263 1.37641 
1.76771e+09 -14.9584 1.0146 1.36776 -14.9615 1.01349 1.37495 
1.76771e+09 -14.9558 1.01551 1.36672 -14.9587 1.01448 1.37333 
1.76771e+09 -14.9533 1.01634 1.36577 -14.9565 1.01522 1.37216 
1.76771e+09 -14.9504 1.01733 1.36464 -14.9535 1.01627 1.37053 
1.76771e+09 -14.9474 1.01834 1.36348 -14.9506 1.01726 1.36905 
1.76771e+09 -14.9444 1.01939 1.36228 -14.9476 1.01829 1.36755 
1.76771e+09 -14.941 1.02054 1.36096 -14.9442 1.01945 1.3659 
1.76771e+09 -14.938 1.02152 1.35984 -14.9413 1.02044 1.36453 
1.76771e+09 -14.9345 1.02272 1.35846 -14.9377 1.02168 1.36283 
1.76771e+09 -14.931 1.02387 1.35713 -14.9342 1.02284 1.36128 
1.76771e+09 -14.9276 1.02502 1.35581 -14.931 1.02392 1.35986 
1.76771e+09 -14.9236 1.02638 1.35424 -14.927 1.02527 1.35811 
1.76771e+09 -14.92 1.02755 1.35289 -14.9233 1.02653 1.35649 
1.76771e+09 -14.9162 1.02884 1.3514 -14.9194 1.02783 1.35485 
1.76771e+09 -14.9121 1.03018 1.34985 -14.9155 1.02916 1.35318 
1.76771e+09 -14.9083 1.03143 1.3484 -14.9122 1.03025 1.35183 
1.76771e+09 -14.9038 1.0329 1.34669 -14.908 1.03163 1.35012 
1.76771e+09 -14.8998 1.03423 1.34515 -14.9038 1.03306 1.34837 
1.76771e+09 -14.8954 1.03565 1.34349 -14.8994 1.03451 1.34659 
1.76771e+09 -14.8909 1.03712 1.34178 -14.8948 1.036 1.34479 
1.76771e+09 -14.8863 1.03862 1.34003 -14.8902 1.03752 1.34294 
1.76771e+09 -14.8815 1.04018 1.33821 -14.8855 1.03908 1.34107 
1.76771e+09 -14.8766 1.04176 1.33636 -14.8806 1.04067 1.33916 
1.76771e+09 -14.8718 1.04331 1.33455 -14.8756 1.04229 1.33721 
1.76771e+09 -14.8666 1.04499 1.33258 -14.8705 1.04395 1.33523 
1.76771e+09 -14.8615 1.04663 1.33064 -14.8653 1.04564 1.33321 
1.76771e+09 -14.8563 1.04828 1.3287 -14.86 1.04736 1.33116 
1.76771e+09 -14.8509 1.05001 1.32667 -14.8546 1.04911 1.32907 
1.76771e+09 -14.8452 1.05182 1.32453 -14.849 1.05089 1.32695 
1.76771e+09 -14.8399 1.05348 1.32257 -14.8433 1.0527 1.32479 
1.76771e+09 -14.8342 1.05528 1.32044 -14.8376 1.05454 1.32259 
1.76771e+09 -14.8284 1.0571 1.31828 -14.8317 1.05641 1.32036 
1.76771e+09 -14.8223 1.05902 1.316 -14.8257 1.05831 1.3181 
1.76771e+09 -14.8165 1.06082 1.31386 -14.8196 1.06023 1.3158 
1.76771e+09 -14.8104 1.06271 1.31161 -14.8134 1.06219 1.31347 
1.76771e+09 -14.8041 1.06469 1.30925 -14.807 1.06416 1.3111 
1.76771e+09 -14.7975 1.06671 1.30684 -14.8006 1.06617 1.30871 
1.76771e+09 -14.7914 1.06859 1.30458 -14.7941 1.0682 1.30628 
1.76771e+09 -14.7849 1.07058 1.3022 -14.7874 1.07025 1.30381 
1.76771e+09 -14.7783 1.07259 1.29978 -14.7807 1.07233 1.30132 
1.76771e+09 -14.7716 1.07463 1.29732 -14.7738 1.07443 1.29879 
1.76771e+09 -14.7647 1.07669 1.29484 -14.7669 1.07655 1.29624 
1.76771e+09 -14.7577 1.07883 1.29226 -14.7598 1.07869 1.29365 
1.76771e+09 -14.7508 1.08088 1.28977 -14.7526 1.08086 1.29104 
1.76771e+09 -14.7435 1.08307 1.28712 -14.7454 1.08305 1.28839 
1.76771e+09 -14.7363 1.0852 1.28453 -14.738 1.08525 1.28572 
1.76771e+09 -14.7291 1.08734 1.28192 -14.7306 1.08748 1.28302 
1.76771e+09 -14.7216 1.08954 1.27923 -14.7231 1.08972 1.2803 
1.76771e+09 -14.7142 1.09173 1.27656 -14.7154 1.09198 1.27754 
1.76771e+09 -14.7065 1.09398 1.2738 -14.7077 1.09425 1.27476 
1.76771e+09 -14.699 1.09615 1.27113 -14.7007 1.09632 1.27224 
1.76771e+09 -14.6911 1.09844 1.26831 -14.692 1.09886 1.26913 
1.76771e+09 -14.6834 1.10067 1.26557 -14.6848 1.10095 1.26656 
1.76771e+09 -14.6753 1.103 1.26269 -14.6759 1.10352 1.2634 
1.76771e+09 -14.6672 1.10529 1.25984 -14.6677 1.10587 1.26049 
1.76771e+09 -14.6592 1.10758 1.257 -14.6603 1.10799 1.25786 
1.76771e+09 -14.6505 1.11005 1.25393 -14.6519 1.11037 1.25492 
1.76771e+09 -14.6424 1.11231 1.2511 -14.6435 1.11275 1.25195 
1.76771e+09 -14.6342 1.11461 1.24822 -14.6358 1.11491 1.24926 
1.76771e+09 -14.6255 1.11703 1.24519 -14.6264 1.11756 1.24596 
1.76771e+09 -14.6169 1.11942 1.24218 -14.6177 1.11997 1.24293 
1.76771e+09 -14.6083 1.12177 1.23921 -14.609 1.1224 1.23988 
1.76771e+09 -14.5994 1.1242 1.23613 -14.6001 1.12483 1.23681 
1.76771e+09 -14.5906 1.12659 1.2331 -14.5912 1.12727 1.23373 
1.76771e+09 -14.582 1.12894 1.23012 -14.5831 1.12948 1.23094 
1.76771e+09 -14.5727 1.13144 1.22693 -14.5732 1.13217 1.2275 
1.76771e+09 -14.5633 1.13393 1.22374 -14.564 1.13463 1.22437 
1.76771e+09 -14.5545 1.13628 1.22071 -14.5548 1.1371 1.22121 
1.76771e+09 -14.5453 1.1387 1.2176 -14.5455 1.13957 1.21805 
1.76771e+09 -14.5361 1.14111 1.21449 -14.5361 1.14204 1.21487 
1.76771e+09 -14.5264 1.14364 1.21121 -14.5267 1.14451 1.21167 
1.76771e+09 -14.5171 1.14605 1.20807 -14.5172 1.14699 1.20846 
1.76771e+09 -14.5077 1.14847 1.20492 -14.5076 1.14947 1.20524 
1.76771e+09 -14.4984 1.15085 1.20179 -14.4979 1.15195 1.20201 
1.76771e+09 -14.4885 1.15335 1.1985 -14.4882 1.15442 1.19877 
1.76771e+09 -14.4789 1.15576 1.19532 -14.4784 1.1569 1.19553 
1.76771e+09 -14.4689 1.15827 1.192 -14.4686 1.15937 1.19227 
1.76771e+09 -14.4595 1.1606 1.18891 -14.4627 1.16085 1.19031 
1.76771e+09 -14.4498 1.16298 1.18572 -14.4527 1.16332 1.18704 
1.76771e+09 -14.4398 1.16541 1.18247 -14.4427 1.16578 1.18376 
1.76771e+09 -14.43 1.16781 1.17925 -14.4327 1.16823 1.18048 
1.76771e+09 -14.4195 1.17032 1.17586 -14.4236 1.17044 1.17752 
1.76771e+09 -14.4096 1.17269 1.17264 -14.4134 1.17288 1.17422 
1.76771e+09 -14.3996 1.17505 1.16943 -14.4032 1.17532 1.17092 
1.76771e+09 -14.3894 1.17743 1.16615 -14.393 1.17774 1.16762 
1.76771e+09 -14.3792 1.17979 1.16291 -14.3827 1.18016 1.16431 
1.76771e+09 -14.3689 1.18217 1.15963 -14.3723 1.18257 1.16099 
1.76771e+09 -14.3585 1.18455 1.15631 -14.3619 1.18497 1.15768 
1.76771e+09 -14.3482 1.18687 1.15308 -14.3514 1.18735 1.15436 
1.76771e+09 -14.3375 1.18927 1.14971 -14.3408 1.18973 1.15104 
1.76771e+09 -14.3273 1.19153 1.14652 -14.3303 1.19209 1.14772 
1.76771e+09 -14.3164 1.19392 1.14312 -14.3196 1.19444 1.1444 
1.76771e+09 -14.3063 1.19611 1.14 -14.3089 1.19678 1.14108 
1.76771e+09 -14.2955 1.19842 1.13668 -14.2982 1.1991 1.13777 
1.76771e+09 -14.2851 1.20063 1.13348 -14.2874 1.2014 1.13446 
1.76771e+09 -14.2747 1.20281 1.13032 -14.2777 1.20346 1.13149 
1.76771e+09 -14.2633 1.20517 1.12687 -14.2658 1.20595 1.12787 
1.76771e+09 -14.253 1.20728 1.12375 -14.2549 1.2082 1.12458 
1.76771e+09 -14.2424 1.20944 1.12055 -14.2439 1.21043 1.1213 
1.76771e+09 -14.2316 1.21161 1.11732 -14.233 1.21263 1.11803 
1.76771e+09 -14.221 1.2137 1.11417 -14.222 1.21482 1.11477 
1.76771e+09 -14.2095 1.21594 1.11077 -14.211 1.21697 1.11152 
1.76771e+09 -14.1993 1.2179 1.10778 -14.2022 1.21868 1.10894 
1.76771e+09 -14.188 1.22005 1.10447 -14.1934 1.22038 1.10636 
1.76771e+09 -14.1769 1.22212 1.10127 -14.1823 1.22247 1.10315 
1.76771e+09 -14.1658 1.22416 1.09807 -14.1713 1.22453 1.09995 
1.76771e+09 -14.1549 1.22614 1.09493 -14.1602 1.22657 1.09677 
1.76771e+09 -14.1446 1.22798 1.092 -14.1491 1.22858 1.0936 
1.76771e+09 -14.1335 1.22993 1.08886 -14.138 1.23055 1.09045 
1.76771e+09 -14.1226 1.23181 1.0858 -14.1269 1.2325 1.08732 
1.76771e+09 -14.1117 1.23368 1.08274 -14.1157 1.23442 1.0842 
1.76771e+09 -14.1006 1.23552 1.07967 -14.1046 1.2363 1.0811 
1.76771e+09 -14.0894 1.23736 1.07658 -14.0934 1.23815 1.07802 
1.76771e+09 -14.0787 1.23909 1.07366 -14.0823 1.23997 1.07496 
1.76771e+09 -14.0675 1.24085 1.07061 -14.0711 1.24175 1.07193 
1.76771e+09 -14.0569 1.24249 1.06776 -14.0611 1.24333 1.06921 
1.76771e+09 -14.0453 1.24426 1.06464 -14.0488 1.24521 1.06592 
1.76771e+09 -14.0348 1.24581 1.06186 -14.0376 1.24688 1.06295 
1.76771e+09 -14.0239 1.24739 1.059 -14.0264 1.24852 1.06 
1.76771e+09 -14.0129 1.24896 1.0561 -14.0152 1.25012 1.05708 
1.76771e+09 -14.0022 1.25044 1.05334 -14.0052 1.25152 1.05448 
1.76771e+09 -13.9907 1.25199 1.05039 -13.9929 1.25319 1.05132 
1.76771e+09 -13.9806 1.25332 1.04782 -13.9829 1.25452 1.04877 
1.76771e+09 -13.9691 1.25479 1.04492 -13.9706 1.2561 1.04568 
1.76771e+09 -13.9581 1.25615 1.04217 -13.9595 1.25749 1.0429 
1.76771e+09 -13.9463 1.25757 1.03926 -13.9484 1.25884 1.04015 
1.76771e+09 -13.935 1.25888 1.03649 -13.9373 1.26015 1.03743 
1.76771e+09 -13.9253 1.25999 1.03412 -13.9273 1.26128 1.03501 
1.76771e+09 -13.9141 1.2612 1.03145 -13.9174 1.26238 1.03262 
1.76771e+09 -13.9042 1.26224 1.0291 -13.9074 1.26344 1.03025 
1.76771e+09 -13.8931 1.26338 1.02647 -13.8964 1.26458 1.02766 
1.76771e+09 -13.8819 1.26446 1.02388 -13.8855 1.26567 1.0251 
1.76771e+09 -13.8718 1.2654 1.02156 -13.8745 1.26671 1.02257 
1.76771e+09 -13.8601 1.26645 1.01889 -13.8636 1.2677 1.02008 
1.76771e+09 -13.8494 1.26736 1.01649 -13.8538 1.26855 1.01786 
1.76771e+09 -13.8387 1.26822 1.01411 -13.8429 1.26945 1.01544 
1.76771e+09 -13.829 1.26895 1.012 -13.8321 1.27029 1.01305 
1.76771e+09 -13.8183 1.26972 1.00969 -13.8213 1.27109 1.0107 
1.76771e+09 -13.8068 1.2705 1.00722 -13.8094 1.2719 1.00816 
1.76771e+09 -13.7969 1.27113 1.00514 -13.8008 1.27246 1.00635 
1.76771e+09 -13.7862 1.27175 1.00292 -13.7901 1.2731 1.00411 
1.76771e+09 -13.7754 1.27233 1.00072 -13.7794 1.27369 1.00191 
1.76771e+09 -13.7653 1.27282 0.998692 -13.7688 1.27423 0.999754 
1.76771e+09 -13.7549 1.27327 0.996634 -13.7582 1.27471 0.997638 
1.76771e+09 -13.7443 1.27369 0.994568 -13.7476 1.27514 0.995564 
1.76771e+09 -13.7339 1.27404 0.992567 -13.7371 1.27551 0.993532 
1.76771e+09 -13.7234 1.27435 0.99059 -13.7266 1.27582 0.991542 
1.76771e+09 -13.7135 1.27458 0.988752 -13.7162 1.27608 0.989596 
1.76771e+09 -13.7028 1.27478 0.986814 -13.7068 1.27626 0.987882 
1.76771e+09 -13.6927 1.27491 0.985022 -13.6965 1.27641 0.986019 
1.76771e+09 -13.6824 1.27499 0.983219 -13.6861 1.2765 0.984201 
1.76771e+09 -13.6728 1.27501 0.981574 -13.6769 1.27654 0.982603 
1.76771e+09 -13.6624 1.27497 0.97983 -13.6657 1.27651 0.9807 
1.76771e+09 -13.6524 1.27488 0.978193 -13.6555 1.27643 0.979018 
1.76771e+09 -13.6425 1.27473 0.976603 -13.6454 1.27629 0.977383 
1.76771e+09 -13.6323 1.27452 0.97501 -13.6353 1.27608 0.975795 
1.76771e+09 -13.6227 1.27426 0.973549 -13.6263 1.27585 0.974405 
1.76771e+09 -13.6129 1.27394 0.972087 -13.6153 1.27549 0.97276 
1.76771e+09 -13.6031 1.27356 0.970674 -13.6054 1.27511 0.971314 
1.76771e+09 -13.5934 1.27312 0.969311 -13.5955 1.27466 0.969916 
1.76771e+09 -13.5842 1.27264 0.968053 -13.5867 1.27421 0.968699 
1.76771e+09 -13.574 1.27205 0.966706 -13.576 1.27359 0.967266 
1.76771e+09 -13.5646 1.27144 0.965499 -13.5663 1.27296 0.966014 
1.76771e+09 -13.5553 1.27079 0.964352 -13.5586 1.27241 0.965048 
1.76771e+09 -13.5458 1.27004 0.96321 -13.549 1.27167 0.963885 
1.76771e+09 -13.5363 1.26923 0.962114 -13.5395 1.27087 0.962772 
1.76771e+09 -13.5266 1.26834 0.961041 -13.53 1.27 0.961708 
1.76771e+09 -13.5177 1.26747 0.960107 -13.5206 1.26907 0.960695 
1.76771e+09 -13.5086 1.2665 0.959181 -13.5113 1.26809 0.959731 
1.76771e+09 -13.4993 1.26545 0.958287 -13.502 1.26703 0.958819 
1.76771e+09 -13.4903 1.26435 0.957456 -13.4965 1.26637 0.958295 
1.76771e+09 -13.4812 1.26319 0.956667 -13.4873 1.26522 0.957464 
1.76771e+09 -13.4724 1.26199 0.95594 -13.4782 1.26401 0.956683 
1.76771e+09 -13.4627 1.26059 0.955196 -13.4692 1.26273 0.955955 
1.76771e+09 -13.4546 1.25935 0.954612 -13.4602 1.26139 0.955277 
1.76771e+09 -13.4458 1.25796 0.954029 -13.4513 1.25999 0.954652 
1.76771e+09 -13.4362 1.25634 0.953439 -13.4424 1.25852 0.954079 
1.76771e+09 -13.4284 1.25496 0.953 -13.4336 1.25699 0.953559 
1.76771e+09 -13.4196 1.25335 0.952557 -13.4249 1.25539 0.953091 
1.76771e+09 -13.4113 1.25173 0.952178 -13.4162 1.25373 0.952675 
1.76771e+09 -13.4028 1.25002 0.951842 -13.4076 1.252 0.952312 
1.76771e+09 -13.3946 1.2483 0.951564 -13.4 1.25039 0.95203 
1.76771e+09 -13.3861 1.24643 0.951321 -13.3906 1.24835 0.951743 
1.76771e+09 -13.3777 1.24451 0.951133 -13.383 1.24662 0.951555 
1.76771e+09 -13.3694 1.24255 0.950998 -13.3747 1.24463 0.951396 
1.76771e+09 -13.3612 1.24052 0.950913 -13.3664 1.24258 0.951289 
1.76771e+09 -13.3531 1.23844 0.950879 -13.3582 1.24047 0.951233 
1.76771e+09 -13.3451 1.23628 0.950896 -13.35 1.23829 0.95123 
1.76771e+09 -13.3372 1.23412 0.950962 -13.3419 1.23605 0.951279 
1.76771e+09 -13.3294 1.23187 0.951078 -13.3338 1.23374 0.951379 
1.76771e+09 -13.3215 1.22952 0.951246 -13.3259 1.23137 0.951531 
1.76771e+09 -13.3141 1.22726 0.951452 -13.3188 1.22919 0.951711 
1.76771e+09 -13.3065 1.22486 0.951712 -13.3109 1.2267 0.95196 
1.76771e+09 -13.2989 1.22237 0.952024 -13.3039 1.22441 0.952228 
1.76771e+09 -13.2911 1.21976 0.952396 -13.2962 1.22181 0.952574 
1.76771e+09 -13.2837 1.21716 0.952806 -13.2893 1.21942 0.952929 
1.76771e+09 -13.2758 1.21431 0.953301 -13.281 1.21642 0.953419 
1.76771e+09 -13.2689 1.21175 0.953781 -13.2735 1.21364 0.953918 
1.76771e+09 -13.2614 1.20889 0.954356 -13.2661 1.21079 0.954467 
1.76771e+09 -13.2541 1.20601 0.954974 -13.2587 1.20788 0.955068 
1.76771e+09 -13.2473 1.20322 0.955605 -13.2514 1.20492 0.955719 
1.76771e+09 -13.2398 1.2001 0.956348 -13.2442 1.20189 0.956419 
1.76771e+09 -13.233 1.19719 0.957076 -13.237 1.1988 0.95717 
1.76771e+09 -13.226 1.1941 0.957883 -13.2299 1.19566 0.95797 
1.76771e+09 -13.2192 1.19097 0.958731 -13.2236 1.19277 0.958733 
1.76771e+09 -13.2122 1.18771 0.959649 -13.2166 1.18952 0.959626 
1.76771e+09 -13.2052 1.18437 0.960622 -13.2097 1.1862 0.960568 
1.76771e+09 -13.1987 1.18116 0.961586 -13.2029 1.18283 0.961559 
1.76771e+09 -13.192 1.17774 0.962647 -13.1961 1.17939 0.962598 
1.76771e+09 -13.1855 1.17436 0.96372 -13.1894 1.17591 0.963685 
1.76771e+09 -13.179 1.17091 0.964848 -13.1828 1.17236 0.96482 
1.76771e+09 -13.1723 1.16724 0.966075 -13.1763 1.16877 0.966003 
1.76771e+09 -13.166 1.16369 0.967291 -13.1698 1.16511 0.967232 
1.76771e+09 -13.1598 1.16013 0.968535 -13.1633 1.1614 0.968509 
1.76771e+09 -13.1535 1.15641 0.969861 -13.157 1.15764 0.969831 
1.76771e+09 -13.1473 1.1527 0.971211 -13.1507 1.15383 0.9712 
1.76771e+09 -13.141 1.14876 0.97267 -13.1445 1.14996 0.972614 
1.76771e+09 -13.1351 1.14501 0.974083 -13.1383 1.14603 0.974074 
1.76771e+09 -13.129 1.14108 0.97559 -13.1322 1.14206 0.975578 
1.76771e+09 -13.123 1.1371 0.977139 -13.1262 1.13803 0.977127 
1.76771e+09 -13.1171 1.1331 0.97872 -13.1202 1.13395 0.97872 
1.76771e+09 -13.1112 1.12897 0.980373 -13.1143 1.12982 0.980356 
1.76771e+09 -13.1055 1.12492 0.98202 -13.1084 1.12564 0.982035 
1.76771e+09 -13.0998 1.12079 0.983718 -13.1026 1.1214 0.983757 
1.76771e+09 -13.0941 1.11652 0.985499 -13.0969 1.11712 0.985522 
1.76771e+09 -13.0885 1.11225 0.987299 -13.0913 1.11279 0.987328 
1.76771e+09 -13.0826 1.10771 0.989231 -13.0857 1.10842 0.989176 
1.76771e+09 -13.0774 1.10353 0.991036 -13.0801 1.10399 0.991065 
1.76771e+09 -13.072 1.09918 0.992932 -13.0746 1.09952 0.992995 
1.76771e+09 -13.0664 1.0945 0.994987 -13.0692 1.095 0.994966 
1.76771e+09 -13.0612 1.09011 0.996939 -13.0639 1.09044 0.996976 
1.76771e+09 -13.0559 1.08553 0.998994 -13.0585 1.08583 0.999026 
1.76771e+09 -13.0508 1.08101 1.00104 -13.0533 1.08118 1.00111 
1.76771e+09 -13.0456 1.07635 1.00316 -13.0481 1.07648 1.00324 
1.76771e+09 -13.0404 1.07159 1.00535 -13.043 1.07174 1.00541 
1.76771e+09 -13.0354 1.06689 1.00753 -13.0379 1.06695 1.00761 
1.76771e+09 -13.0302 1.06194 1.00984 -13.0329 1.06212 1.00985 
1.76771e+09 -13.0254 1.05726 1.01204 -13.0279 1.05725 1.01213 
1.76771e+09 -13.0205 1.05234 1.01437 -13.023 1.05233 1.01445 
1.76771e+09 -13.0157 1.04752 1.01667 -13.0181 1.04738 1.0168 
1.76771e+09 -13.011 1.04263 1.01902 -13.0138 1.04288 1.01894 
1.76771e+09 -13.0061 1.03751 1.02149 -13.0085 1.03734 1.02161 
1.76771e+09 -13.0014 1.03248 1.02394 -13.0038 1.03227 1.02406 
1.76771e+09 -12.9968 1.02743 1.02641 -12.9992 1.02715 1.02655 
1.76771e+09 -12.9921 1.02227 1.02895 -12.9945 1.02199 1.02908 
1.76771e+09 -12.9876 1.01714 1.03148 -12.99 1.0168 1.03164 
1.76771e+09 -12.983 1.0119 1.03409 -12.9855 1.01157 1.03423 
1.76771e+09 -12.9786 1.00675 1.03666 -12.981 1.0063 1.03685 
1.76771e+09 -12.9741 1.00139 1.03935 -12.9765 1.00099 1.03951 
1.76771e+09 -12.9698 0.996111 1.04202 -12.9722 0.99565 1.04219 
1.76771e+09 -12.9654 0.990765 1.04473 -12.9678 0.990272 1.04491 
1.76771e+09 -12.961 0.985296 1.04751 -12.9635 0.984859 1.04765 
1.76771e+09 -12.9569 0.980032 1.0502 -12.9593 0.979411 1.05043 
1.76771e+09 -12.9527 0.974555 1.05301 -12.9551 0.973929 1.05324 
1.76771e+09 -12.9484 0.968982 1.05588 -12.9509 0.968414 1.05607 
1.76771e+09 -12.9443 0.963519 1.05871 -12.9467 0.962866 1.05893 
1.76771e+09 -12.9401 0.957815 1.06167 -12.9427 0.957287 1.06182 
1.76771e+09 -12.9362 0.952396 1.0645 -12.9386 0.951675 1.06474 
1.76771e+09 -12.9322 0.946828 1.06741 -12.9346 0.946033 1.06768 
1.76771e+09 -12.9282 0.941114 1.07041 -12.9306 0.940361 1.07065 
1.76771e+09 -12.9242 0.935409 1.07341 -12.9267 0.934659 1.07365 
1.76771e+09 -12.9203 0.929796 1.07638 -12.9227 0.928928 1.07667 
1.76771e+09 -12.9164 0.92402 1.07944 -12.9189 0.923169 1.07971 
1.76771e+09 -12.9126 0.918279 1.08249 -12.915 0.917382 1.08278 
1.76771e+09 -12.9088 0.912492 1.08557 -12.9112 0.911568 1.08587 
1.76771e+09 -12.905 0.906747 1.08864 -12.9074 0.905726 1.08898 
1.76771e+09 -12.9009 0.900401 1.09204 -12.9037 0.89986 1.09212 
1.76771e+09 -12.8974 0.894862 1.09501 -12.9 0.893967 1.09528 
1.76771e+09 -12.8937 0.888993 1.09817 -12.8963 0.88805 1.09845 
1.76771e+09 -12.8902 0.8833 1.10124 -12.893 0.882704 1.10133 
1.76771e+09 -12.8864 0.877132 1.10458 -12.889 0.876145 1.10487 
1.76771e+09 -12.8828 0.87117 1.10781 -12.8854 0.870158 1.10811 
1.76771e+09 -12.8793 0.865317 1.11098 -12.8822 0.864751 1.11104 
1.76771e+09 -12.8757 0.859197 1.11431 -12.8783 0.858118 1.11465 
1.76771e+09 -12.8722 0.853166 1.1176 -12.8747 0.852066 1.11794 
1.76771e+09 -12.8686 0.84706 1.12093 -12.8716 0.846602 1.12092 
1.76771e+09 -12.8651 0.840927 1.12429 -12.8677 0.839902 1.12458 
1.76771e+09 -12.8617 0.834973 1.12755 -12.8643 0.833791 1.12793 
1.76771e+09 -12.8581 0.828636 1.13103 -12.8608 0.827661 1.13129 
1.76771e+09 -12.8548 0.822715 1.13428 -12.8574 0.821513 1.13466 
1.76771e+09 -12.8513 0.816505 1.1377 -12.854 0.815348 1.13805 
1.76771e+09 -12.848 0.810417 1.14105 -12.8506 0.809165 1.14146 
1.76771e+09 -12.8445 0.804041 1.14457 -12.8473 0.802967 1.14487 
1.76771e+09 -12.8412 0.798018 1.1479 -12.8439 0.796754 1.1483 
1.76771e+09 -12.8379 0.791856 1.15131 -12.8406 0.790526 1.15174 
1.76771e+09 -12.8345 0.785573 1.15479 -12.8372 0.784284 1.15519 
1.76771e+09 -12.8312 0.779367 1.15823 -12.8339 0.778029 1.15866 
1.76771e+09 -12.8279 0.773132 1.16169 -12.8306 0.771762 1.16213 
1.76771e+09 -12.8246 0.766874 1.16516 -12.8273 0.765483 1.16561 
1.76771e+09 -12.8214 0.760626 1.16864 -12.8241 0.759194 1.1691 
1.76771e+09 -12.8181 0.754344 1.17213 -12.8211 0.753526 1.17225 
1.76771e+09 -12.8146 0.747609 1.17588 -12.8179 0.747218 1.17576 
1.76771e+09 -12.8116 0.741739 1.17915 -12.8146 0.740902 1.17927 
1.76771e+09 -12.808 0.734889 1.18296 -12.8114 0.734578 1.18279 
1.76771e+09 -12.8049 0.728829 1.18634 -12.8085 0.728881 1.18597 
1.76771e+09 -12.8017 0.722552 1.18984 -12.8052 0.722543 1.1895 
1.76771e+09 -12.7987 0.716534 1.1932 -12.8023 0.716834 1.19269 
1.76771e+09 -12.7951 0.709632 1.19706 -12.7988 0.709849 1.19659 
1.76771e+09 -12.7921 0.703594 1.20043 -12.7956 0.703493 1.20014 
1.76771e+09 -12.7889 0.697265 1.20396 -12.7924 0.697131 1.2037 
1.76771e+09 -12.7856 0.690893 1.20752 -12.7891 0.690763 1.20726 
1.76771e+09 -12.7824 0.684597 1.21104 -12.7863 0.685027 1.21047 
1.76771e+09 -12.7792 0.678198 1.21461 -12.7827 0.678011 1.21439 
1.76771e+09 -12.776 0.671802 1.21819 -12.7795 0.671627 1.21796 
1.76771e+09 -12.7727 0.665368 1.22178 -12.7769 0.666517 1.22082 
1.76771e+09 -12.7695 0.659064 1.2253 -12.7737 0.660125 1.2244 
1.76771e+09 -12.7663 0.652696 1.22886 -12.7704 0.653731 1.22797 
1.76771e+09 -12.7631 0.646425 1.23236 -12.7672 0.647333 1.23155 
1.76771e+09 -12.7599 0.640089 1.2359 -12.764 0.640934 1.23512 
1.76771e+09 -12.7565 0.633612 1.23951 -12.7607 0.634534 1.2387 
1.76771e+09 -12.7533 0.627361 1.243 -12.7574 0.628134 1.24227 
1.76771e+09 -12.7501 0.62097 1.24656 -12.7542 0.621733 1.24584 
1.76771e+09 -12.7468 0.614571 1.25013 -12.7509 0.615334 1.24941 
1.76771e+09 -12.7435 0.60827 1.25363 -12.7476 0.608936 1.25298 
1.76771e+09 -12.7403 0.601993 1.25713 -12.7443 0.602541 1.25654 
1.76771e+09 -12.7368 0.595318 1.26084 -12.7409 0.596148 1.26009 
1.76771e+09 -12.7336 0.589203 1.26424 -12.7376 0.589759 1.26364 
1.76771e+09 -12.7303 0.582933 1.26772 -12.7342 0.583375 1.26719 
1.76771e+09 -12.727 0.576653 1.2712 -12.7309 0.576995 1.27073 
1.76771e+09 -12.7236 0.57032 1.27472 -12.7275 0.570622 1.27426 
1.76771e+09 -12.7202 0.564011 1.27821 -12.7241 0.564255 1.27778 
1.76771e+09 -12.7168 0.557713 1.28169 -12.7207 0.557897 1.28129 
1.76771e+09 -12.7134 0.551466 1.28515 -12.7172 0.551547 1.2848 
1.76771e+09 -12.71 0.545191 1.28861 -12.7138 0.545207 1.28829 
1.76771e+09 -12.7066 0.538911 1.29207 -12.7103 0.538879 1.29178 
1.76771e+09 -12.7031 0.532632 1.29553 -12.7068 0.532562 1.29525 
1.76771e+09 -12.6996 0.526345 1.29899 -12.7033 0.526258 1.29871 
1.76771e+09 -12.6961 0.520163 1.30238 -12.6997 0.519967 1.30216 
1.76771e+09 -12.6926 0.513965 1.30578 -12.6962 0.513691 1.30559 
1.76771e+09 -12.689 0.507723 1.3092 -12.6926 0.507431 1.30901 
1.76771e+09 -12.6854 0.501512 1.31259 -12.6894 0.50181 1.31208 
1.76771e+09 -12.6818 0.495315 1.31598 -12.6854 0.494958 1.31581 
1.76771e+09 -12.6782 0.489205 1.31931 -12.6817 0.488748 1.31919 
1.76771e+09 -12.6746 0.483022 1.32267 -12.678 0.482555 1.32256 
1.76771e+09 -12.6709 0.476821 1.32604 -12.6747 0.476997 1.32557 
1.76771e+09 -12.6671 0.47051 1.32946 -12.671 0.470839 1.32891 
1.76771e+09 -12.6635 0.464659 1.33262 -12.6676 0.465314 1.33189 
1.76771e+09 -12.6599 0.458815 1.33578 -12.6642 0.459804 1.33487 
1.76771e+09 -12.656 0.452683 1.33908 -12.6604 0.453701 1.33816 
1.76771e+09 -12.652 0.446215 1.34255 -12.6562 0.447011 1.34175 
1.76771e+09 -12.6484 0.440611 1.34556 -12.6531 0.442162 1.34436 
1.76771e+09 -12.6443 0.434264 1.34896 -12.6488 0.435515 1.34792 
1.76771e+09 -12.6402 0.428028 1.35229 -12.6445 0.428893 1.35146 
1.76771e+09 -12.6364 0.422234 1.35537 -12.6406 0.422895 1.35467 
1.76771e+09 -12.6323 0.416149 1.3586 -12.6366 0.416918 1.35785 
1.76771e+09 -12.6287 0.410777 1.36145 -12.6329 0.411556 1.3607 
1.76771e+09 -12.6246 0.4048 1.36461 -12.6289 0.405618 1.36385 
1.76771e+09 -12.6201 0.39825 1.36806 -12.6244 0.39911 1.36729 
1.76771e+09 -12.6162 0.392713 1.37097 -12.6202 0.393216 1.37039 
1.76771e+09 -12.6124 0.387308 1.3738 -12.6164 0.387929 1.37317 
1.76771e+09 -12.6079 0.381094 1.37705 -12.6118 0.381492 1.37654 
1.76771e+09 -12.604 0.375744 1.37984 -12.608 0.376245 1.37928 
1.76771e+09 -12.5998 0.370008 1.38282 -12.6037 0.370438 1.3823 
1.76771e+09 -12.5951 0.363773 1.38604 -12.5989 0.364077 1.3856 
1.76771e+09 -12.5908 0.358067 1.38899 -12.5945 0.35832 1.38857 
1.76771e+09 -12.5864 0.352333 1.39194 -12.5901 0.352588 1.39152 
1.76771e+09 -12.5824 0.347164 1.39459 -12.5861 0.347452 1.39416 
1.76771e+09 -12.5775 0.340962 1.39775 -12.5811 0.341204 1.39735 
1.76771e+09 -12.5731 0.335472 1.40055 -12.5766 0.335553 1.40023 
1.76771e+09 -12.5685 0.32988 1.40338 -12.572 0.329929 1.40308 
1.76771e+09 -12.564 0.324343 1.40618 -12.5674 0.324334 1.40591 
1.76771e+09 -12.5597 0.319176 1.40878 -12.5641 0.320435 1.40787 
1.76771e+09 -12.555 0.313665 1.41154 -12.5594 0.314889 1.41065 
1.76771e+09 -12.5504 0.308232 1.41425 -12.5547 0.309372 1.41341 
1.76771e+09 -12.5456 0.302778 1.41696 -12.5499 0.303885 1.41614 
1.76771e+09 -12.5408 0.29725 1.41969 -12.5451 0.298429 1.41885 
1.76771e+09 -12.536 0.29195 1.42231 -12.5402 0.293002 1.42152 
1.76771e+09 -12.5311 0.286492 1.42498 -12.5353 0.287605 1.42418 
1.76771e+09 -12.5261 0.281072 1.42763 -12.5304 0.282238 1.4268 
1.76771e+09 -12.5211 0.275797 1.43019 -12.5254 0.276902 1.4294 
1.76771e+09 -12.5163 0.270665 1.43267 -12.5203 0.271595 1.43198 
1.76771e+09 -12.5112 0.265349 1.43523 -12.5152 0.266319 1.43452 
1.76771e+09 -12.5062 0.260238 1.43768 -12.5101 0.261072 1.43704 
1.76771e+09 -12.501 0.255071 1.44014 -12.5049 0.255856 1.43953 
1.76771e+09 -12.4958 0.249844 1.44261 -12.4997 0.25067 1.44199 
1.76771e+09 -12.4906 0.244778 1.445 -12.4944 0.245515 1.44443 
1.76771e+09 -12.4853 0.239637 1.44741 -12.489 0.24039 1.44683 
1.76771e+09 -12.48 0.234642 1.44973 -12.4836 0.235297 1.44921 
1.76771e+09 -12.4747 0.229637 1.45205 -12.4782 0.230236 1.45156 
1.76771e+09 -12.4691 0.224554 1.45439 -12.4727 0.225207 1.45388 
1.76771e+09 -12.4637 0.219591 1.45666 -12.4672 0.22021 1.45617 
1.76771e+09 -12.4582 0.214715 1.45888 -12.4616 0.215246 1.45843 
1.76771e+09 -12.4526 0.209803 1.4611 -12.456 0.210316 1.46066 
1.76771e+09 -12.4471 0.204997 1.46325 -12.4503 0.205419 1.46286 
1.76771e+09 -12.4414 0.200159 1.46541 -12.4446 0.200556 1.46503 
1.76771e+09 -12.4357 0.195353 1.46754 -12.4388 0.195728 1.46717 
1.76771e+09 -12.4299 0.190569 1.46964 -12.433 0.190933 1.46928 
1.76771e+09 -12.4238 0.185554 1.47183 -12.4271 0.186174 1.47136 
1.76771e+09 -12.4182 0.181111 1.47375 -12.4212 0.181449 1.4734 
1.76771e+09 -12.4124 0.176506 1.47573 -12.4152 0.176759 1.47542 
1.76771e+09 -12.4064 0.171854 1.47771 -12.4092 0.172104 1.47741 
1.76771e+09 -12.4004 0.16724 1.47966 -12.4031 0.167484 1.47936 
1.76771e+09 -12.3943 0.162627 1.48159 -12.397 0.162899 1.48129 
1.76771e+09 -12.3883 0.158177 1.48344 -12.3908 0.15835 1.48318 
1.76771e+09 -12.3821 0.153641 1.48531 -12.3846 0.153836 1.48505 
1.76771e+09 -12.3759 0.149209 1.48712 -12.3789 0.149804 1.4867 
1.76771e+09 -12.3695 0.144712 1.48894 -12.372 0.144915 1.48868 
1.76771e+09 -12.3632 0.140308 1.4907 -12.3656 0.140508 1.49045 
1.76771e+09 -12.357 0.136025 1.4924 -12.3592 0.136136 1.49219 
1.76771e+09 -12.3502 0.131456 1.4942 -12.3534 0.132232 1.49372 
1.76771e+09 -12.3436 0.127081 1.4959 -12.3469 0.127929 1.4954 
1.76771e+09 -12.3376 0.123157 1.49741 -12.341 0.124086 1.49689 
1.76771e+09 -12.3306 0.118646 1.49912 -12.3344 0.119851 1.4985 
1.76771e+09 -12.324 0.114467 1.50069 -12.3271 0.115233 1.50025 
1.76771e+09 -12.3174 0.110371 1.50222 -12.321 0.111487 1.50165 
1.76771e+09 -12.3107 0.106261 1.50372 -12.3143 0.107359 1.50317 
1.76771e+09 -12.3038 0.102158 1.50521 -12.3075 0.103265 1.50467 
1.76771e+09 -12.2973 0.0982527 1.50661 -12.302 0.100016 1.50584 
1.76771e+09 -12.2901 0.0940857 1.50808 -12.2944 0.0955843 1.50742 
1.76771e+09 -12.2832 0.0900934 1.50948 -12.2874 0.0915919 1.50882 
1.76771e+09 -12.2768 0.08648 1.51072 -12.2811 0.0880282 1.51006 
1.76771e+09 -12.2695 0.0824582 1.51208 -12.274 0.0841011 1.5114 
1.76771e+09 -12.2619 0.0782604 1.51349 -12.2662 0.0798205 1.51284 
1.76771e+09 -12.2553 0.0747492 1.51464 -12.2597 0.0763486 1.514 
1.76771e+09 -12.2478 0.0707583 1.51593 -12.2518 0.0721423 1.51537 
1.76771e+09 -12.2406 0.0669936 1.51713 -12.2445 0.0683536 1.51658 
1.76771e+09 -12.2338 0.0635228 1.51822 -12.2379 0.0649725 1.51765 
1.76771e+09 -12.2259 0.0595519 1.51944 -12.2297 0.060877 1.51892 
1.76771e+09 -12.2186 0.0558977 1.52054 -12.2223 0.057189 1.52004 
1.76771e+09 -12.211 0.0522353 1.52163 -12.2148 0.0535348 1.52112 
1.76771e+09 -12.204 0.04886 1.52261 -12.2079 0.0502749 1.52208 
1.76771e+09 -12.1966 0.0453541 1.52361 -12.2011 0.0470425 1.523 
1.76771e+09 -12.1887 0.0416762 1.52464 -12.1934 0.0434833 1.524 
1.76771e+09 -12.1814 0.0383406 1.52555 -12.1857 0.0399584 1.52497 
1.76771e+09 -12.1737 0.0348802 1.52647 -12.1779 0.0364679 1.52591 
1.76771e+09 -12.1659 0.0314222 1.52737 -12.1701 0.0330119 1.52681 
1.76771e+09 -12.1579 0.027967 1.52825 -12.163 0.0299311 1.5276 
1.76771e+09 -12.1499 0.024528 1.5291 -12.1551 0.0265409 1.52845 
1.76771e+09 -12.1422 0.0212979 1.52988 -12.1471 0.0231853 1.52926 
1.76771e+09 -12.1342 0.0179899 1.53065 -12.1391 0.0198641 1.53005 
1.76771e+09 -12.1259 0.0146067 1.53142 -12.1326 0.0172321 1.53065 
1.76771e+09 -12.1184 0.0116231 1.53207 -12.1245 0.0139729 1.53138 
1.76771e+09 -12.1102 0.00837484 1.53277 -12.1171 0.0110688 1.53201 
1.76771e+09 -12.1021 0.00526446 1.53341 -12.1089 0.00787445 1.53268 
1.76771e+09 -12.094 0.00218981 1.53402 -12.1006 0.00471393 1.53332 
1.76771e+09 -12.0857 -0.000926957 1.53461 -12.0923 0.00158703 1.53393 
1.76771e+09 -12.0774 -0.00398825 1.53517 -12.0839 -0.00150648 1.53451 
1.76771e+09 -12.0692 -0.00696808 1.53569 -12.0755 -0.00456683 1.53506 
1.76771e+09 -12.0606 -0.0100203 1.5362 -12.067 -0.00759427 1.53557 
1.76771e+09 -12.0524 -0.012892 1.53666 -12.0585 -0.010589 1.53606 
1.76771e+09 -12.0436 -0.0159145 1.53712 -12.0499 -0.0135512 1.53652 
1.76771e+09 -12.0353 -0.0187079 1.53751 -12.0412 -0.0164809 1.53694 
1.76771e+09 -12.0264 -0.0216817 1.53791 -12.0334 -0.01909 1.5373 
1.76771e+09 -12.018 -0.0244121 1.53825 -12.0246 -0.0219584 1.53767 
1.76771e+09 -12.0094 -0.0271808 1.53857 -12.0158 -0.0247945 1.53801 
1.76771e+09 -12.0009 -0.0298737 1.53886 -12.0078 -0.0273194 1.53829 
1.76771e+09 -11.9912 -0.0328806 1.53916 -11.998 -0.0303698 1.5386 
1.76771e+09 -11.9833 -0.0352833 1.53937 -11.99 -0.0328366 1.53882 
1.76771e+09 -11.9739 -0.0381141 1.53959 -11.98 -0.0358161 1.53907 
1.76771e+09 -11.9654 -0.0406241 1.53976 -11.971 -0.038491 1.53926 
1.76771e+09 -11.956 -0.0433456 1.53992 -11.9619 -0.0411336 1.53942 
1.76771e+09 -11.9473 -0.0458153 1.54004 -11.9527 -0.0437443 1.53956 
1.76771e+09 -11.9375 -0.0485687 1.54015 -11.9435 -0.046323 1.53966 
1.76771e+09 -11.9293 -0.0508187 1.54021 -11.9343 -0.0488698 1.53974 
1.76771e+09 -11.9202 -0.053289 1.54025 -11.925 -0.051385 1.53979 
1.76771e+09 -11.911 -0.0557436 1.54027 -11.9156 -0.0538685 1.53981 
1.76771e+09 -11.9017 -0.0581677 1.54025 -11.9062 -0.0563205 1.5398 
1.76771e+09 -11.8923 -0.060577 1.54022 -11.8968 -0.0587412 1.53977 
1.76771e+09 -11.8832 -0.0628868 1.54015 -11.8873 -0.0611305 1.53971 
1.76771e+09 -11.8738 -0.0652104 1.54006 -11.8778 -0.0634888 1.53962 
1.76771e+09 -11.8647 -0.0674313 1.53994 -11.8692 -0.0655846 1.53952 
1.76771e+09 -11.8546 -0.0698518 1.53979 -11.8692 -0.0655846 1.53952 
1.76771e+09 -11.8546 -0.0698518 1.53979 -11.85 -0.0701526 1.53922 
1.76771e+09 -11.8451 -0.0720971 1.53961 -11.85 -0.0701526 1.53922 
1.76771e+09 -11.836 -0.0741862 1.53943 -11.8403 -0.0723907 1.53903 
1.76771e+09 -11.8265 -0.0763646 1.5392 -11.8306 -0.0745984 1.53881 
1.76771e+09 -11.8169 -0.0785074 1.53896 -11.8209 -0.076776 1.53857 
1.76771e+09 -11.8072 -0.0806386 1.53868 -11.8111 -0.0789239 1.5383 
1.76771e+09 -11.7968 -0.0828742 1.53836 -11.8013 -0.0810423 1.538 
1.76771e+09 -11.7877 -0.0847901 1.53806 -11.7914 -0.0831317 1.53768 
1.76771e+09 -11.7781 -0.0867961 1.53772 -11.7815 -0.0851923 1.53734 
1.76771e+09 -11.7681 -0.0888369 1.53734 -11.7716 -0.0872244 1.53696 
1.76771e+09 -11.7584 -0.0907923 1.53694 -11.7616 -0.0892283 1.53657 
1.76771e+09 -11.7482 -0.092796 1.53651 -11.7516 -0.0912042 1.53615 
1.76771e+09 -11.7386 -0.0946684 1.53608 -11.7415 -0.0931523 1.53571 
1.76771e+09 -11.7286 -0.0965742 1.53561 -11.7314 -0.0950729 1.53524 
1.76771e+09 -11.7181 -0.0985274 1.53509 -11.7213 -0.0969662 1.53475 
1.76771e+09 -11.7085 -0.100301 1.5346 -11.7111 -0.0988324 1.53423 
1.76771e+09 -11.698 -0.102196 1.53404 -11.7009 -0.100672 1.5337 
1.76771e+09 -11.6881 -0.103949 1.53349 -11.6907 -0.102484 1.53314 
1.76771e+09 -11.6782 -0.105666 1.53292 -11.6804 -0.104271 1.53256 
1.76771e+09 -11.668 -0.10742 1.53231 -11.6701 -0.106031 1.53195 
1.76771e+09 -11.6577 -0.109155 1.53168 -11.6609 -0.107593 1.53139 
1.76771e+09 -11.6472 -0.110878 1.53102 -11.6495 -0.109474 1.53068 
1.76771e+09 -11.6373 -0.112484 1.53037 -11.6391 -0.111157 1.53001 
1.76771e+09 -11.627 -0.114131 1.52968 -11.6287 -0.112816 1.52931 
1.76771e+09 -11.6166 -0.115753 1.52896 -11.6182 -0.11445 1.5286 
1.76771e+09 -11.6063 -0.11734 1.52823 -11.6099 -0.115739 1.52802 
1.76771e+09 -11.5961 -0.118885 1.52749 -11.5994 -0.11733 1.52727 
1.76771e+09 -11.5847 -0.120575 1.52665 -11.5878 -0.119051 1.52642 
1.76771e+09 -11.575 -0.121982 1.52591 -11.5783 -0.120439 1.52571 
1.76771e+09 -11.5638 -0.123594 1.52504 -11.5666 -0.12211 1.52481 
1.76771e+09 -11.5537 -0.125004 1.52425 -11.5571 -0.123457 1.52406 
1.76771e+09 -11.5429 -0.126506 1.52337 -11.5464 -0.124932 1.52321 
1.76771e+09 -11.532 -0.127976 1.52247 -11.5347 -0.126529 1.52225 
1.76771e+09 -11.5214 -0.129394 1.52158 -11.524 -0.127958 1.52136 
1.76771e+09 -11.5107 -0.130792 1.52066 -11.5132 -0.129365 1.52045 
1.76771e+09 -11.4998 -0.132195 1.51971 -11.5025 -0.130752 1.51951 
1.76771e+09 -11.489 -0.133549 1.51877 -11.4917 -0.132118 1.51856 
1.76771e+09 -11.4785 -0.13486 1.51782 -11.4808 -0.133464 1.5176 
1.76771e+09 -11.4677 -0.136176 1.51683 -11.47 -0.13479 1.51661 
1.76771e+09 -11.4562 -0.137544 1.51577 -11.4591 -0.136096 1.51561 
1.76771e+09 -11.4467 -0.138664 1.51487 -11.4492 -0.137254 1.51469 
1.76771e+09 -11.4355 -0.139959 1.51381 -11.4383 -0.138523 1.51365 
1.76771e+09 -11.4241 -0.14125 1.51271 -11.4262 -0.139898 1.51249 
1.76771e+09 -11.4132 -0.142467 1.51164 -11.4152 -0.141127 1.51142 
1.76771e+09 -11.4029 -0.1436 1.51062 -11.4053 -0.142218 1.51044 
1.76771e+09 -11.3913 -0.14485 1.50946 -11.3931 -0.143532 1.50922 
1.76771e+09 -11.381 -0.145942 1.50841 -11.3831 -0.14459 1.50821 
1.76771e+09 -11.3692 -0.147169 1.5072 -11.3709 -0.145864 1.50697 
1.76771e+09 -11.3588 -0.148241 1.50612 -11.362 -0.146778 1.50605 
1.76771e+09 -11.3478 -0.149341 1.50497 -11.3508 -0.147905 1.50488 
1.76771e+09 -11.3356 -0.150554 1.50367 -11.3397 -0.149015 1.5037 
1.76771e+09 -11.3252 -0.151566 1.50256 -11.3285 -0.150109 1.50251 
1.76771e+09 -11.3145 -0.152589 1.5014 -11.3172 -0.151187 1.50131 
1.76771e+09 -11.3033 -0.153644 1.50018 -11.306 -0.152248 1.50008 
1.76771e+09 -11.292 -0.154686 1.49894 -11.2947 -0.153295 1.49885 
1.76771e+09 -11.2808 -0.155705 1.4977 -11.2835 -0.154326 1.4976 
1.76771e+09 -11.2692 -0.156746 1.4964 -11.2721 -0.155342 1.49634 
1.76771e+09 -11.2583 -0.157711 1.49516 -11.2608 -0.156344 1.49506 
1.76771e+09 -11.2471 -0.158684 1.49388 -11.2495 -0.157332 1.49378 
1.76771e+09 -11.2357 -0.159654 1.49258 -11.2381 -0.158305 1.49248 
1.76771e+09 -11.2244 -0.160602 1.49128 -11.2267 -0.159266 1.49116 
1.76771e+09 -11.2127 -0.161577 1.48991 -11.2153 -0.160213 1.48984 
1.76771e+09 -11.2017 -0.162468 1.48863 -11.2038 -0.161147 1.4885 
1.76771e+09 -11.1901 -0.163402 1.48726 -11.1935 -0.161976 1.48729 
1.76771e+09 -11.1786 -0.164315 1.48588 -11.1821 -0.162887 1.48594 
1.76771e+09 -11.1673 -0.165195 1.48453 -11.1706 -0.163785 1.48457 
1.76771e+09 -11.1558 -0.166075 1.48316 -11.1591 -0.164671 1.48319 
1.76771e+09 -11.1445 -0.166936 1.48178 -11.1476 -0.165546 1.4818 
1.76771e+09 -11.1331 -0.167786 1.4804 -11.136 -0.16641 1.4804 
1.76771e+09 -11.1215 -0.168635 1.47899 -11.1256 -0.167178 1.47914 
1.76771e+09 -11.1099 -0.169481 1.47755 -11.1141 -0.168021 1.47772 
1.76771e+09 -11.0984 -0.170305 1.47613 -11.1025 -0.168855 1.4763 
1.76771e+09 -11.0869 -0.171117 1.47471 -11.0909 -0.169678 1.47486 
1.76771e+09 -11.0755 -0.171914 1.47328 -11.0793 -0.170492 1.47342 
1.76771e+09 -11.0639 -0.172714 1.47183 -11.0677 -0.171296 1.47196 
1.76771e+09 -11.0522 -0.173508 1.47036 -11.056 -0.172092 1.4705 
1.76771e+09 -11.0404 -0.174304 1.46887 -11.0444 -0.172879 1.46904 
1.76771e+09 -11.0291 -0.175059 1.46743 -11.0327 -0.173658 1.46756 
1.76771e+09 -11.0173 -0.175834 1.46593 -11.0211 -0.174428 1.46607 
1.76771e+09 -11.0061 -0.176565 1.46449 -11.0094 -0.175192 1.46458 
1.76771e+09 -10.9941 -0.177336 1.46296 -10.9988 -0.175872 1.46324 
1.76771e+09 -10.9818 -0.178119 1.46138 -10.986 -0.176697 1.46158 
1.76771e+09 -10.9712 -0.178788 1.46001 -10.9742 -0.177439 1.46007 
1.76771e+09 -10.9599 -0.179492 1.45855 -10.9637 -0.178102 1.45871 
1.76771e+09 -10.9479 -0.180238 1.45699 -10.9507 -0.178905 1.45703 
1.76771e+09 -10.9362 -0.180957 1.45546 -10.939 -0.179629 1.45551 
1.76771e+09 -10.9243 -0.181678 1.45392 -10.9272 -0.180348 1.45397 
1.76771e+09 -10.9128 -0.182372 1.45242 -10.9154 -0.181062 1.45244 
1.76771e+09 -10.9012 -0.183067 1.4509 -10.9037 -0.18177 1.4509 
1.76771e+09 -10.8895 -0.183768 1.44935 -10.8919 -0.182474 1.44935 
1.76771e+09 -10.8777 -0.184464 1.4478 -10.8801 -0.183174 1.44781 
1.76771e+09 -10.8661 -0.185145 1.44627 -10.8683 -0.183869 1.44625 
1.76771e+09 -10.8544 -0.185831 1.44472 -10.8565 -0.184561 1.4447 
1.76771e+09 -10.8427 -0.186512 1.44317 -10.8447 -0.18525 1.44314 
1.76771e+09 -10.831 -0.187187 1.44163 -10.8329 -0.185935 1.44159 
1.76771e+09 -10.8196 -0.187842 1.44012 -10.8222 -0.186549 1.44018 
1.76771e+09 -10.8073 -0.188549 1.43848 -10.8092 -0.187296 1.43846 
1.76771e+09 -10.7959 -0.1892 1.43697 -10.7974 -0.187973 1.4369 
1.76771e+09 -10.7838 -0.189889 1.43536 -10.7856 -0.188648 1.43533 
1.76771e+09 -10.7723 -0.190541 1.43383 -10.7738 -0.189321 1.43377 
1.76771e+09 -10.7606 -0.191208 1.43227 -10.762 -0.189993 1.4322 
1.76771e+09 -10.7484 -0.191893 1.43065 -10.7502 -0.190663 1.43063 
1.76771e+09 -10.7371 -0.192532 1.42914 -10.7384 -0.191333 1.42906 
1.76771e+09 -10.7254 -0.193192 1.42759 -10.7266 -0.192002 1.42749 
1.76771e+09 -10.7138 -0.193849 1.42604 -10.7148 -0.19267 1.42593 
1.76771e+09 -10.7021 -0.194512 1.42447 -10.7031 -0.193338 1.42436 
1.76771e+09 -10.69 -0.195192 1.42286 -10.6913 -0.194007 1.42279 
1.76771e+09 -10.6786 -0.195837 1.42135 -10.6795 -0.194676 1.42122 
1.76771e+09 -10.6668 -0.196507 1.41977 -10.6677 -0.195346 1.41966 
1.76771e+09 -10.6555 -0.197148 1.41827 -10.6583 -0.195883 1.41841 
1.76771e+09 -10.6439 -0.197808 1.41672 -10.6465 -0.196555 1.41685 
1.76771e+09 -10.6316 -0.198508 1.41509 -10.6348 -0.197229 1.41528 
1.76771e+09 -10.6204 -0.199149 1.4136 -10.623 -0.197905 1.41373 
1.76771e+09 -10.6073 -0.199902 1.41186 -10.6101 -0.19865 1.41201 
1.76771e+09 -10.597 -0.200494 1.4105 -10.5995 -0.199263 1.41061 
1.76771e+09 -10.5851 -0.201184 1.40893 -10.5878 -0.199945 1.40906 
1.76771e+09 -10.5733 -0.201872 1.40736 -10.5761 -0.200631 1.40751 
1.76771e+09 -10.5618 -0.202544 1.40585 -10.5644 -0.201321 1.40596 
1.76771e+09 -10.5503 -0.203224 1.40432 -10.5526 -0.202014 1.40441 
1.76771e+09 -10.5385 -0.203922 1.40277 -10.5409 -0.202711 1.40287 
1.76771e+09 -10.5269 -0.204614 1.40125 -10.5292 -0.203412 1.40133 
1.76771e+09 -10.5151 -0.205322 1.3997 -10.521 -0.203906 1.40026 
1.76771e+09 -10.5019 -0.206117 1.39798 -10.5081 -0.204686 1.39857 
1.76771e+09 -10.4918 -0.206729 1.39667 -10.4976 -0.205329 1.3972 
1.76771e+09 -10.4792 -0.207501 1.39503 -10.4847 -0.206121 1.39552 
1.76771e+09 -10.4676 -0.208219 1.39352 -10.473 -0.206847 1.394 
1.76771e+09 -10.4569 -0.208887 1.39213 -10.4625 -0.207505 1.39263 
1.76771e+09 -10.4443 -0.20968 1.3905 -10.4497 -0.208316 1.39097 
1.76771e+09 -10.4327 -0.210414 1.38902 -10.438 -0.20906 1.38946 
1.76771e+09 -10.4222 -0.211091 1.38766 -10.4275 -0.209736 1.38811 
1.76771e+09 -10.4096 -0.211905 1.38605 -10.4146 -0.210569 1.38646 
1.76771e+09 -10.398 -0.212658 1.38457 -10.4041 -0.211257 1.38512 
1.76771e+09 -10.3859 -0.213455 1.38304 -10.3913 -0.212107 1.38349 
1.76771e+09 -10.3748 -0.214197 1.38163 -10.3796 -0.212888 1.38201 
1.76771e+09 -10.3631 -0.214986 1.38015 -10.368 -0.213676 1.38053 
1.76771e+09 -10.3518 -0.215758 1.37872 -10.3563 -0.214473 1.37907 
1.76771e+09 -10.3409 -0.216503 1.37736 -10.3458 -0.215198 1.37775 
1.76771e+09 -10.3285 -0.217366 1.37581 -10.333 -0.216093 1.37616 
1.76771e+09 -10.3173 -0.218156 1.37442 -10.3214 -0.216915 1.37471 
1.76771e+09 -10.3057 -0.218979 1.37298 -10.3097 -0.217747 1.37327 
1.76771e+09 -10.2942 -0.219803 1.37157 -10.2981 -0.218587 1.37184 
1.76771e+09 -10.2832 -0.220607 1.37021 -10.2877 -0.219352 1.37056 
1.76771e+09 -10.2709 -0.221512 1.36871 -10.2749 -0.220296 1.36901 
1.76771e+09 -10.2599 -0.222333 1.36737 -10.2634 -0.221164 1.36761 
1.76771e+09 -10.2484 -0.223202 1.36598 -10.2518 -0.222041 1.36621 
1.76771e+09 -10.2379 -0.224 1.36472 -10.2414 -0.222839 1.36496 
1.76771e+09 -10.2265 -0.22488 1.36336 -10.2299 -0.223735 1.36358 
1.76771e+09 -10.214 -0.225859 1.36187 -10.2172 -0.224732 1.36208 
1.76771e+09 -10.2026 -0.226768 1.36051 -10.2057 -0.225649 1.36072 
1.76771e+09 -10.1916 -0.22765 1.35921 -10.1942 -0.226576 1.35937 
1.76771e+09 -10.1812 -0.228498 1.35799 -10.1839 -0.227419 1.35817 
1.76771e+09 -10.1689 -0.229509 1.35656 -10.1725 -0.228366 1.35684 
1.76771e+09 -10.1572 -0.230481 1.35521 -10.1599 -0.229419 1.35539 
1.76771e+09 -10.1463 -0.231407 1.35395 -10.1485 -0.230388 1.35408 
1.76771e+09 -10.1349 -0.232378 1.35265 -10.1372 -0.231368 1.35278 
1.76771e+09 -10.1237 -0.23335 1.35137 -10.1258 -0.232359 1.35149 
1.76771e+09 -10.1132 -0.234271 1.35019 -10.1156 -0.233261 1.35034 
1.76771e+09 -10.1009 -0.235373 1.3488 -10.1032 -0.234375 1.34894 
1.76771e+09 -10.09 -0.236349 1.34759 -10.0919 -0.2354 1.34769 
1.76771e+09 -10.0788 -0.237374 1.34635 -10.0817 -0.236332 1.34657 
1.76771e+09 -10.0684 -0.238336 1.34521 -10.0716 -0.237273 1.34545 
1.76771e+09 -10.0573 -0.239377 1.34399 -10.0604 -0.238331 1.34423 
1.76771e+09 -10.0449 -0.240554 1.34265 -10.048 -0.239508 1.34289 
1.76771e+09 -10.0341 -0.241595 1.34149 -10.0369 -0.24059 1.34169 
1.76771e+09 -10.0238 -0.242605 1.34038 -10.0268 -0.241575 1.34062 
1.76771e+09 -10.012 -0.243769 1.33914 -10.0146 -0.242792 1.33932 
1.76771e+09 -10.0016 -0.244804 1.33805 -10.0046 -0.243799 1.33827 
1.76771e+09 -9.98974 -0.246013 1.33681 -9.99235 -0.245044 1.33699 
1.76771e+09 -9.97887 -0.24713 1.33569 -9.98128 -0.246189 1.33585 
1.76771e+09 -9.9678 -0.248284 1.33455 -9.97022 -0.247347 1.33471 
1.76771e+09 -9.95791 -0.249327 1.33355 -9.96029 -0.248401 1.3337 
1.76771e+09 -9.94649 -0.250547 1.3324 -9.94927 -0.249585 1.33259 
1.76771e+09 -9.93549 -0.251738 1.3313 -9.93827 -0.250782 1.33149 
1.76771e+09 -9.92502 -0.252886 1.33026 -9.92729 -0.251993 1.3304 
1.76771e+09 -9.91391 -0.25412 1.32917 -9.91743 -0.253094 1.32943 
1.76771e+09 -9.90302 -0.255346 1.32812 -9.90648 -0.254331 1.32837 
1.76771e+09 -9.89218 -0.256581 1.32707 -9.89556 -0.255581 1.32732 
1.76771e+09 -9.88126 -0.257841 1.32604 -9.88466 -0.256846 1.32628 
1.76771e+09 -9.87052 -0.259097 1.32502 -9.87377 -0.258124 1.32525 
1.76771e+09 -9.85943 -0.260411 1.32399 -9.86291 -0.259416 1.32423 
1.76771e+09 -9.8475 -0.261843 1.32289 -9.85424 -0.26046 1.32343 
1.76771e+09 -9.83776 -0.263028 1.322 -9.84449 -0.261646 1.32254 
1.76771e+09 -9.82715 -0.264333 1.32104 -9.83368 -0.262976 1.32155 
1.76771e+09 -9.81645 -0.265666 1.32009 -9.82289 -0.264321 1.32058 
1.76771e+09 -9.80568 -0.267025 1.31914 -9.81212 -0.265681 1.31963 
1.76771e+09 -9.79502 -0.268386 1.31821 -9.80137 -0.267056 1.31868 
1.76771e+09 -9.78433 -0.269769 1.31728 -9.79063 -0.268445 1.31775 
1.76771e+09 -9.77307 -0.271244 1.31632 -9.77991 -0.269851 1.31683 
1.76771e+09 -9.76317 -0.272557 1.31549 -9.76921 -0.271271 1.31593 
1.76771e+09 -9.75264 -0.273969 1.31462 -9.75959 -0.272563 1.31512 
1.76771e+09 -9.74166 -0.27546 1.31372 -9.74891 -0.274014 1.31424 
1.76771e+09 -9.73116 -0.276906 1.31287 -9.73825 -0.275482 1.31337 
1.76771e+09 -9.72051 -0.278387 1.31201 -9.72759 -0.276965 1.31252 
1.76771e+09 -9.7101 -0.279853 1.31119 -9.71696 -0.278465 1.31167 
1.76771e+09 -9.69964 -0.281344 1.31038 -9.70633 -0.279981 1.31085 
1.76771e+09 -9.68911 -0.282863 1.30957 -9.69573 -0.281513 1.31003 
1.76771e+09 -9.6786 -0.284397 1.30878 -9.68513 -0.283062 1.30923 
1.76771e+09 -9.66817 -0.285936 1.308 -9.67455 -0.284626 1.30844 
1.76771e+09 -9.65623 -0.287722 1.30713 -9.66505 -0.286048 1.30774 
1.76771e+09 -9.64688 -0.289137 1.30646 -9.65661 -0.287323 1.30713 
1.76771e+09 -9.637 -0.290647 1.30575 -9.64819 -0.288608 1.30652 
1.76771e+09 -9.62686 -0.292215 1.30505 -9.63767 -0.290228 1.30578 
1.76771e+09 -9.61662 -0.293817 1.30434 -9.62717 -0.291864 1.30505 
1.76771e+09 -9.60625 -0.295457 1.30364 -9.6167 -0.293515 1.30434 
1.76771e+09 -9.59582 -0.297124 1.30295 -9.60624 -0.295183 1.30363 
1.76771e+09 -9.58577 -0.29875 1.30229 -9.5958 -0.296867 1.30294 
1.76771e+09 -9.57521 -0.300477 1.30161 -9.58538 -0.298567 1.30227 
1.76771e+09 -9.56526 -0.302122 1.30098 -9.57498 -0.300283 1.30161 
1.76771e+09 -9.55504 -0.30383 1.30035 -9.56459 -0.302016 1.30096 
1.76771e+09 -9.54265 -0.305925 1.2996 -9.55421 -0.303767 1.30032 
1.76771e+09 -9.53448 -0.307324 1.29912 -9.54696 -0.305002 1.29989 
1.76771e+09 -9.5247 -0.309013 1.29855 -9.53765 -0.306603 1.29934 
1.76771e+09 -9.51413 -0.310858 1.29794 -9.52628 -0.308578 1.29868 
1.76771e+09 -9.50424 -0.312603 1.29739 -9.51596 -0.310392 1.2981 
1.76771e+09 -9.49408 -0.314413 1.29684 -9.50565 -0.312223 1.29752 
1.76771e+09 -9.48412 -0.316208 1.2963 -9.49536 -0.31407 1.29697 
1.76771e+09 -9.47392 -0.318064 1.29577 -9.48509 -0.315935 1.29642 
1.76771e+09 -9.46394 -0.319901 1.29526 -9.47484 -0.317816 1.2959 
1.76771e+09 -9.4541 -0.321729 1.29477 -9.4646 -0.319715 1.29538 
1.76771e+09 -9.44405 -0.323615 1.29428 -9.45438 -0.321629 1.29488 
1.76771e+09 -9.43462 -0.325403 1.29383 -9.4452 -0.323366 1.29444 
1.76771e+09 -9.42437 -0.327366 1.29336 -9.43399 -0.325508 1.29392 
1.76771e+09 -9.41411 -0.32935 1.2929 -9.42383 -0.327471 1.29345 
1.76771e+09 -9.40451 -0.331224 1.29248 -9.41368 -0.329451 1.29301 
1.76771e+09 -9.39467 -0.333167 1.29206 -9.40356 -0.331446 1.29257 
1.76771e+09 -9.38478 -0.335136 1.29166 -9.39346 -0.333457 1.29215 
1.76771e+09 -9.37498 -0.337107 1.29126 -9.38338 -0.335484 1.29175 
1.76771e+09 -9.36499 -0.339134 1.29088 -9.37332 -0.337525 1.29135 
1.76771e+09 -9.35544 -0.341092 1.29052 -9.36328 -0.339581 1.29098 
1.76771e+09 -9.34563 -0.343122 1.29016 -9.35328 -0.341651 1.29061 
1.76771e+09 -9.33585 -0.345165 1.28982 -9.34329 -0.343736 1.29026 
1.76771e+09 -9.3265 -0.347137 1.28951 -9.33433 -0.345624 1.28995 
1.76771e+09 -9.31625 -0.349316 1.28917 -9.33433 -0.345624 1.28995 
1.76771e+09 -9.3069 -0.351324 1.28888 -9.32341 -0.347947 1.28959 
1.76771e+09 -9.29722 -0.353422 1.28859 -9.31351 -0.350072 1.28928 
1.76771e+09 -9.28759 -0.355526 1.28832 -9.30363 -0.352211 1.28898 
1.76771e+09 -9.28759 -0.355526 1.28832 -9.28397 -0.356528 1.28842 
1.76771e+09 -9.27805 -0.357631 1.28805 -9.28397 -0.356528 1.28842 
1.76771e+09 -9.2682 -0.359822 1.2878 -9.27418 -0.358708 1.28816 
1.76771e+09 -9.25881 -0.36193 1.28756 -9.26441 -0.360902 1.28791 
1.76771e+09 -9.24933 -0.364078 1.28734 -9.25466 -0.363111 1.28768 
1.76771e+09 -9.23977 -0.366261 1.28712 -9.24492 -0.365335 1.28746 
1.76771e+09 -9.23031 -0.36844 1.28692 -9.23521 -0.367576 1.28725 
1.76771e+09 -9.2212 -0.370555 1.28674 -9.22648 -0.369606 1.28707 
1.76771e+09 -9.21132 -0.37287 1.28656 -9.21582 -0.372105 1.28687 
1.76771e+09 -9.2019 -0.375093 1.28639 -9.20616 -0.374392 1.2867 
1.76771e+09 -9.19246 -0.377343 1.28624 -9.19652 -0.376693 1.28654 
1.76771e+09 -9.18274 -0.379677 1.2861 -9.1869 -0.379007 1.2864 
1.76771e+09 -9.17354 -0.381904 1.28597 -9.17731 -0.381333 1.28626 
1.76771e+09 -9.16415 -0.384195 1.28586 -9.16775 -0.383669 1.28614 
1.76771e+09 -9.15492 -0.386466 1.28576 -9.15822 -0.386016 1.28603 
1.76771e+09 -9.14564 -0.388766 1.28566 -9.14873 -0.388372 1.28594 
1.76771e+09 -9.13665 -0.391012 1.28559 -9.14021 -0.3905 1.28586 
1.76771e+09 -9.12669 -0.393519 1.28551 -9.12984 -0.393111 1.28578 
1.76771e+09 -9.11783 -0.395767 1.28546 -9.12045 -0.395494 1.28571 
1.76771e+09 -9.10853 -0.398143 1.28541 -9.1111 -0.397887 1.28566 
1.76771e+09 -9.09935 -0.400509 1.28538 -9.10177 -0.400289 1.28562 
1.76771e+09 -9.09014 -0.402899 1.28536 -9.09247 -0.402701 1.2856 
1.76771e+09 -9.08076 -0.405349 1.28535 -9.0832 -0.405123 1.28558 
1.76771e+09 -9.07175 -0.407721 1.28535 -9.07396 -0.407556 1.28557 
1.76771e+09 -9.06244 -0.410189 1.28536 -9.06474 -0.41 1.28558 
1.76771e+09 -9.05339 -0.412609 1.28538 -9.05555 -0.412455 1.2856 
1.76771e+09 -9.0443 -0.415053 1.28542 -9.04638 -0.414922 1.28563 
1.76771e+09 -9.03472 -0.417649 1.28546 -9.03723 -0.417399 1.28567 
1.76771e+09 -9.02619 -0.419976 1.28552 -9.02811 -0.419888 1.28572 
1.76771e+09 -9.01706 -0.422482 1.28558 -9.019 -0.422387 1.28578 
1.76771e+09 -9.008 -0.424987 1.28566 -9.00992 -0.424897 1.28586 
1.76771e+09 -8.99896 -0.427502 1.28575 -9.00087 -0.427418 1.28594 
1.76771e+09 -8.98973 -0.430089 1.28585 -8.99183 -0.429949 1.28603 
1.76771e+09 -8.98104 -0.432539 1.28596 -8.98281 -0.432491 1.28614 
1.76771e+09 -8.97206 -0.435088 1.28608 -8.97382 -0.435043 1.28626 
1.76771e+09 -8.96276 -0.437744 1.28621 -8.96484 -0.437606 1.28638 
1.76771e+09 -8.95429 -0.440179 1.28634 -8.95678 -0.439922 1.28651 
1.76771e+09 -8.94465 -0.442969 1.2865 -8.94695 -0.442764 1.28667 
1.76771e+09 -8.93583 -0.445535 1.28666 -8.93892 -0.445099 1.28681 
1.76771e+09 -8.92726 -0.448044 1.28683 -8.93002 -0.447704 1.28697 
1.76771e+09 -8.91828 -0.45069 1.28701 -8.92202 -0.450058 1.28713 
1.76771e+09 -8.90928 -0.453357 1.2872 -8.91314 -0.452684 1.28732 
1.76771e+09 -8.90057 -0.455956 1.2874 -8.90428 -0.455322 1.28751 
1.76771e+09 -8.89173 -0.458606 1.2876 -8.89544 -0.457971 1.28772 
1.76771e+09 -8.88285 -0.461283 1.28782 -8.88661 -0.460632 1.28793 
1.76771e+09 -8.87409 -0.463942 1.28805 -8.87778 -0.463304 1.28816 
1.76771e+09 -8.86507 -0.466692 1.28829 -8.86898 -0.465988 1.28839 
1.76771e+09 -8.85599 -0.469479 1.28855 -8.86018 -0.468683 1.28863 
1.76771e+09 -8.84773 -0.472027 1.28879 -8.85139 -0.47139 1.28889 
1.76771e+09 -8.83898 -0.474738 1.28905 -8.84262 -0.474109 1.28915 
1.76771e+09 -8.83028 -0.47745 1.28932 -8.83385 -0.47684 1.28942 
1.76771e+09 -8.82154 -0.48019 1.2896 -8.82509 -0.479582 1.2897 
1.76771e+09 -8.81329 -0.482787 1.28988 -8.81722 -0.48206 1.28996 
1.76771e+09 -8.80463 -0.485527 1.29018 -8.80848 -0.484824 1.29026 
1.76771e+09 -8.79549 -0.488434 1.2905 -8.79887 -0.487877 1.29059 
1.76771e+09 -8.78667 -0.491256 1.29082 -8.79016 -0.490664 1.29091 
1.76771e+09 -8.77811 -0.494004 1.29114 -8.78145 -0.493461 1.29123 
1.76771e+09 -8.76919 -0.496885 1.29148 -8.77275 -0.496269 1.29156 
1.76771e+09 -8.76088 -0.499581 1.29181 -8.76406 -0.499087 1.2919 
1.76771e+09 -8.75226 -0.502388 1.29215 -8.75538 -0.501915 1.29225 
1.76771e+09 -8.74367 -0.505202 1.29251 -8.74671 -0.504753 1.29261 
1.76771e+09 -8.73478 -0.508126 1.29288 -8.73805 -0.507599 1.29297 
1.76771e+09 -8.72636 -0.510907 1.29325 -8.72941 -0.510455 1.29334 
1.76771e+09 -8.71794 -0.513699 1.29362 -8.72077 -0.513319 1.29372 
1.76771e+09 -8.70929 -0.516583 1.29401 -8.71215 -0.516192 1.29411 
1.76771e+09 -8.7007 -0.519457 1.2944 -8.70354 -0.519073 1.2945 
1.76771e+09 -8.69253 -0.5222 1.29479 -8.69581 -0.521672 1.29486 
1.76771e+09 -8.6835 -0.525247 1.29522 -8.68636 -0.524858 1.29531 
1.76771e+09 -8.67522 -0.528051 1.29562 -8.67779 -0.527762 1.29572 
1.76771e+09 -8.66676 -0.530928 1.29604 -8.66923 -0.530674 1.29614 
1.76771e+09 -8.65801 -0.533916 1.29648 -8.66154 -0.5333 1.29652 
1.76771e+09 -8.64955 -0.536817 1.29691 -8.653 -0.536225 1.29696 
1.76771e+09 -8.64177 -0.53949 1.29731 -8.64533 -0.538863 1.29735 
1.76771e+09 -8.63263 -0.542647 1.29779 -8.63596 -0.542095 1.29784 
1.76771e+09 -8.62492 -0.545318 1.29821 -8.62831 -0.544745 1.29825 
1.76771e+09 -8.61647 -0.548254 1.29866 -8.61982 -0.547695 1.29871 
1.76771e+09 -8.60805 -0.551192 1.29913 -8.61134 -0.550652 1.29917 
1.76771e+09 -8.59935 -0.554236 1.29961 -8.60287 -0.553615 1.29964 
1.76771e+09 -8.59041 -0.557377 1.30012 -8.59357 -0.556882 1.30017 
1.76771e+09 -8.58287 -0.560034 1.30055 -8.58596 -0.559561 1.3006 
1.76771e+09 -8.57433 -0.563052 1.30105 -8.57752 -0.562543 1.30109 
1.76771e+09 -8.56533 -0.566244 1.30157 -8.56825 -0.56583 1.30163 
1.76771e+09 -8.55757 -0.569003 1.30203 -8.56067 -0.568526 1.30208 
1.76771e+09 -8.54849 -0.572242 1.30258 -8.55142 -0.571827 1.30263 
1.76771e+09 -8.54023 -0.575195 1.30308 -8.55142 -0.571827 1.30263 
1.76771e+09 -8.54023 -0.575195 1.30308 -8.53545 -0.577545 1.3036 
1.76771e+09 -8.53261 -0.57793 1.30355 -8.53545 -0.577545 1.3036 
1.76771e+09 -8.52426 -0.580934 1.30407 -8.52706 -0.580563 1.30412 
1.76771e+09 -8.51515 -0.584218 1.30464 -8.51784 -0.58389 1.3047 
1.76771e+09 -8.50744 -0.587005 1.30512 -8.5103 -0.586616 1.30518 
1.76771e+09 -8.49852 -0.590241 1.30569 -8.50109 -0.589955 1.30576 
1.76771e+09 -8.49096 -0.592986 1.30618 -8.49356 -0.592691 1.30625 
1.76771e+09 -8.48253 -0.596057 1.30673 -8.4852 -0.595737 1.30679 
1.76771e+09 -8.47422 -0.599092 1.30727 -8.47684 -0.598789 1.30734 
1.76771e+09 -8.46491 -0.602501 1.30789 -8.46766 -0.602151 1.30794 
1.76771e+09 -8.45776 -0.605122 1.30836 -8.46015 -0.604907 1.30844 
1.76771e+09 -8.44939 -0.608199 1.30892 -8.45181 -0.607973 1.309 
1.76771e+09 -8.44122 -0.611209 1.30947 -8.44347 -0.611043 1.30956 
1.76771e+09 -8.43295 -0.614261 1.31003 -8.43514 -0.614117 1.31012 
1.76771e+09 -8.42443 -0.617408 1.31062 -8.42682 -0.617194 1.31069 
1.76771e+09 -8.4163 -0.620421 1.31118 -8.4185 -0.620275 1.31126 
1.76771e+09 -8.40739 -0.623726 1.31179 -8.40937 -0.623666 1.31189 
1.76771e+09 -8.39937 -0.626708 1.31235 -8.4019 -0.626444 1.31241 
1.76771e+09 -8.39135 -0.629697 1.31292 -8.3936 -0.629532 1.31299 
1.76771e+09 -8.38268 -0.63293 1.31353 -8.38449 -0.632931 1.31363 
1.76771e+09 -8.37442 -0.636015 1.31411 -8.37621 -0.636023 1.31422 
1.76771e+09 -8.36679 -0.638869 1.31465 -8.36877 -0.638807 1.31474 
1.76771e+09 -8.35793 -0.642189 1.31529 -8.35968 -0.642213 1.31539 
1.76771e+09 -8.35038 -0.645021 1.31583 -8.35224 -0.645001 1.31593 
1.76771e+09 -8.34151 -0.648353 1.31647 -8.34316 -0.648411 1.31658 
1.76771e+09 -8.334 -0.651175 1.31701 -8.33574 -0.651202 1.31712 
1.76771e+09 -8.32505 -0.654547 1.31766 -8.32667 -0.654615 1.31777 
1.76771e+09 -8.31684 -0.65764 1.31826 -8.31843 -0.65772 1.31837 
1.76771e+09 -8.30931 -0.660478 1.31881 -8.31102 -0.660516 1.31891 
1.76771e+09 -8.30042 -0.663836 1.31947 -8.30196 -0.663934 1.31958 
1.76771e+09 -8.29297 -0.66665 1.32001 -8.29456 -0.666732 1.32012 
1.76771e+09 -8.28401 -0.67004 1.32067 -8.28551 -0.670153 1.32079 
1.76771e+09 -8.27642 -0.672912 1.32124 -8.27811 -0.672952 1.32133 
1.76771e+09 -8.26827 -0.675999 1.32184 -8.2699 -0.676063 1.32194 
1.76771e+09 -8.25937 -0.679372 1.3225 -8.26086 -0.679486 1.32261 
1.76771e+09 -8.25196 -0.682183 1.32305 -8.25347 -0.682288 1.32316 
1.76771e+09 -8.24303 -0.68557 1.32372 -8.24444 -0.685712 1.32383 
1.76771e+09 -8.23476 -0.688709 1.32433 -8.23624 -0.688825 1.32444 
1.76771e+09 -8.22718 -0.691589 1.3249 -8.22886 -0.691627 1.32499 
1.76771e+09 -8.21832 -0.694953 1.32556 -8.21983 -0.695053 1.32567 
1.76771e+09 -8.21023 -0.698027 1.32617 -8.21163 -0.698167 1.32628 
1.76771e+09 -8.20206 -0.701129 1.32678 -8.20343 -0.701281 1.3269 
1.76771e+09 -8.19434 -0.704065 1.32736 -8.19605 -0.704084 1.32745 
1.76771e+09 -8.18611 -0.707192 1.32797 -8.18785 -0.707199 1.32806 
1.76771e+09 -8.17818 -0.710205 1.32857 -8.17965 -0.710313 1.32867 
1.76771e+09 -8.16913 -0.713646 1.32925 -8.17064 -0.713739 1.32935 
1.76771e+09 -8.16108 -0.716705 1.32985 -8.16244 -0.716854 1.32996 
1.76771e+09 -8.15285 -0.719829 1.33046 -8.15423 -0.719968 1.33058 
1.76771e+09 -8.14533 -0.722685 1.33102 -8.14685 -0.72277 1.33113 
1.76771e+09 -8.13631 -0.72611 1.3317 -8.13783 -0.726194 1.3318 
1.76771e+09 -8.12816 -0.729204 1.33231 -8.12962 -0.729307 1.33241 
1.76771e+09 -8.12005 -0.732282 1.33291 -8.12142 -0.732418 1.33302 
1.76771e+09 -8.11181 -0.735405 1.33352 -8.11321 -0.735529 1.33363 
1.76771e+09 -8.10416 -0.738306 1.33409 -8.10582 -0.738328 1.33418 
1.76771e+09 -8.0962 -0.741319 1.33468 -8.09761 -0.741437 1.33479 
1.76771e+09 -8.08799 -0.744429 1.33529 -8.0894 -0.744545 1.33539 
1.76771e+09 -8.07903 -0.747819 1.33595 -8.08036 -0.747962 1.33606 
1.76771e+09 -8.07127 -0.750751 1.33652 -8.07296 -0.750757 1.3366 
1.76771e+09 -8.06316 -0.753815 1.33711 -8.06474 -0.75386 1.3372 
1.76771e+09 -8.05442 -0.757115 1.33775 -8.05569 -0.757272 1.33786 
1.76771e+09 -8.04615 -0.76023 1.33835 -8.04746 -0.760372 1.33846 
1.76771e+09 -8.03869 -0.76304 1.33889 -8.04006 -0.763161 1.339 
1.76771e+09 -8.03047 -0.766137 1.33949 -8.03182 -0.766257 1.3396 
1.76771e+09 -8.02212 -0.769272 1.34009 -8.02358 -0.769351 1.34019 
1.76771e+09 -8.01364 -0.772459 1.3407 -8.01534 -0.772444 1.34078 
1.76771e+09 -8.00574 -0.775421 1.34127 -8.0071 -0.775534 1.34137 
1.76771e+09 -7.99676 -0.778784 1.34191 -7.99802 -0.77893 1.34202 
1.76771e+09 -7.98899 -0.781693 1.34246 -7.9906 -0.781706 1.34254 
1.76771e+09 -7.9807 -0.784789 1.34304 -7.98234 -0.784789 1.34312 
1.76771e+09 -7.97277 -0.787746 1.3436 -7.97408 -0.787869 1.3437 
1.76771e+09 -7.96359 -0.791166 1.34424 -7.96499 -0.791253 1.34434 
1.76771e+09 -7.95604 -0.793978 1.34477 -7.95754 -0.79402 1.34486 
1.76771e+09 -7.94791 -0.796996 1.34533 -7.95754 -0.79402 1.34486 
1.76771e+09 -7.94791 -0.796996 1.34533 -7.94099 -0.800159 1.346 
1.76771e+09 -7.93921 -0.800224 1.34593 -7.94099 -0.800159 1.346 
1.76771e+09 -7.93019 -0.803561 1.34655 -7.93187 -0.80353 1.34662 
1.76771e+09 -7.92244 -0.806427 1.34708 -7.92358 -0.806592 1.34718 
1.76771e+09 -7.91416 -0.809484 1.34764 -7.91529 -0.80965 1.34775 
1.76771e+09 -7.90651 -0.812301 1.34815 -7.90781 -0.8124 1.34825 
1.76771e+09 -7.89825 -0.815338 1.3487 -7.8995 -0.815453 1.3488 
1.76771e+09 -7.88877 -0.818816 1.34933 -7.89035 -0.818809 1.34941 
1.76771e+09 -7.88093 -0.821688 1.34985 -7.88202 -0.821856 1.34996 
1.76771e+09 -7.87253 -0.824761 1.3504 -7.87368 -0.824901 1.3505 
1.76771e+09 -7.86507 -0.827483 1.35088 -7.86617 -0.827639 1.35099 
1.76771e+09 -7.85636 -0.830654 1.35144 -7.85781 -0.830678 1.35152 
1.76771e+09 -7.84711 -0.834016 1.35203 -7.84862 -0.834016 1.35211 
1.76771e+09 -7.83918 -0.836892 1.35254 -7.84025 -0.837046 1.35264 
1.76771e+09 -7.83093 -0.839877 1.35306 -7.83188 -0.840072 1.35316 
1.76771e+09 -7.82336 -0.842609 1.35353 -7.82434 -0.842791 1.35363 
1.76771e+09 -7.81477 -0.845705 1.35406 -7.81595 -0.845808 1.35415 
1.76771e+09 -7.80546 -0.849053 1.35464 -7.80673 -0.849119 1.35472 
1.76771e+09 -7.79829 -0.851623 1.35507 -7.79918 -0.851824 1.35517 
1.76771e+09 -7.78913 -0.854903 1.35563 -7.78994 -0.855124 1.35573 
1.76771e+09 -7.78073 -0.857901 1.35613 -7.78155 -0.858117 1.35623 
1.76771e+09 -7.7728 -0.860724 1.3566 -7.77398 -0.860807 1.35668 
1.76771e+09 -7.76351 -0.864025 1.35714 -7.76473 -0.864088 1.35722 
1.76771e+09 -7.7554 -0.866899 1.35762 -7.75632 -0.867066 1.35771 
1.76771e+09 -7.74716 -0.869812 1.35809 -7.7479 -0.870037 1.35819 
1.76771e+09 -7.73869 -0.872797 1.35857 -7.73947 -0.873004 1.35867 
1.76771e+09 -7.7309 -0.875536 1.35901 -7.73188 -0.875669 1.35909 
1.76771e+09 -7.72167 -0.878776 1.35953 -7.7226 -0.878921 1.35961 
1.76771e+09 -7.71414 -0.88141 1.35994 -7.71499 -0.881576 1.36003 
1.76771e+09 -7.70548 -0.884431 1.36042 -7.70654 -0.884522 1.36049 
1.76771e+09 -7.69698 -0.887391 1.36088 -7.70062 -0.88658 1.36081 
1.76771e+09 -7.68815 -0.890454 1.36135 -7.69215 -0.889516 1.36126 
1.76771e+09 -7.68008 -0.893246 1.36177 -7.68368 -0.892446 1.36171 
1.76771e+09 -7.6716 -0.896175 1.36222 -7.6752 -0.895371 1.36215 
1.76771e+09 -7.66311 -0.899098 1.36265 -7.66671 -0.89829 1.36259 
1.76771e+09 -7.65442 -0.90208 1.3631 -7.65822 -0.901203 1.36303 
1.76771e+09 -7.64606 -0.904941 1.36352 -7.64971 -0.904112 1.36346 
1.76771e+09 -7.63759 -0.907833 1.36394 -7.6412 -0.907015 1.36388 
1.76771e+09 -7.62928 -0.910661 1.36434 -7.63352 -0.909624 1.36426 
1.76771e+09 -7.62054 -0.913623 1.36477 -7.62413 -0.912808 1.36471 
1.76771e+09 -7.61115 -0.916801 1.36522 -7.61643 -0.91541 1.36508 
1.76771e+09 -7.60261 -0.91968 1.36562 -7.60872 -0.918008 1.36545 
1.76771e+09 -7.59333 -0.922801 1.36605 -7.60014 -0.920892 1.36585 
1.76771e+09 -7.58625 -0.925173 1.36637 -7.59327 -0.923196 1.36616 
1.76771e+09 -7.57789 -0.927966 1.36675 -7.58638 -0.925498 1.36648 
1.76771e+09 -7.56878 -0.931001 1.36715 -7.57948 -0.927798 1.36679 
1.76771e+09 -7.56069 -0.933689 1.36751 -7.57171 -0.930383 1.36713 
1.76771e+09 -7.55133 -0.936787 1.36791 -7.56566 -0.932391 1.3674 
1.76771e+09 -7.54281 -0.939598 1.36827 -7.55699 -0.935257 1.36777 
1.76771e+09 -7.53419 -0.942435 1.36863 -7.54831 -0.938119 1.36814 
1.76771e+09 -7.52634 -0.94501 1.36895 -7.54048 -0.940693 1.36847 
1.76771e+09 -7.51771 -0.947832 1.3693 -7.53177 -0.94355 1.36883 
1.76771e+09 -7.50898 -0.950679 1.36965 -7.52302 -0.946405 1.36919 
1.76771e+09 -7.49966 -0.953706 1.37002 -7.51426 -0.949259 1.36954 
1.76771e+09 -7.49147 -0.956359 1.37033 -7.50722 -0.951542 1.36981 
1.76771e+09 -7.48274 -0.959176 1.37066 -7.49841 -0.954395 1.37015 
1.76771e+09 -7.47408 -0.96196 1.37098 -7.48956 -0.957248 1.37049 
1.76771e+09 -7.4654 -0.964744 1.3713 -7.48067 -0.960102 1.37082 
1.76771e+09 -7.45659 -0.967558 1.37161 -7.47175 -0.962957 1.37114 
1.76771e+09 -7.44803 -0.970287 1.37191 -7.4628 -0.965812 1.37146 
1.76771e+09 -7.4391 -0.97312 1.37222 -7.45382 -0.968668 1.37177 
1.76771e+09 -7.43047 -0.975851 1.37251 -7.44481 -0.971524 1.37208 
1.76771e+09 -7.42184 -0.978572 1.37279 -7.43576 -0.974378 1.37238 
1.76771e+09 -7.41206 -0.981646 1.37311 -7.42669 -0.977232 1.37267 
1.76771e+09 -7.40374 -0.984251 1.37337 -7.41942 -0.979513 1.3729 
1.76771e+09 -7.39544 -0.986842 1.37363 -7.4103 -0.982362 1.37318 
1.76771e+09 -7.38669 -0.989566 1.37389 -7.40117 -0.985207 1.37346 
1.76771e+09 -7.37794 -0.992279 1.37415 -7.39201 -0.988048 1.37373 
1.76771e+09 -7.36908 -0.995015 1.3744 -7.38284 -0.990884 1.374 
1.76771e+09 -7.36036 -0.997702 1.37465 -7.37366 -0.993715 1.37426 
1.76771e+09 -7.35146 -1.00043 1.3749 -7.36447 -0.996539 1.37451 
1.76771e+09 -7.34315 -1.00297 1.37512 -7.35618 -0.999076 1.37473 
1.76771e+09 -7.3339 -1.00579 1.37536 -7.34605 -1.00217 1.375 
1.76771e+09 -7.32503 -1.00849 1.37559 -7.33682 -1.00497 1.37523 
1.76771e+09 -7.31623 -1.01115 1.3758 -7.32759 -1.00777 1.37546 
1.76771e+09 -7.30728 -1.01385 1.37602 -7.31835 -1.01056 1.37568 
1.76771e+09 -7.29834 -1.01654 1.37623 -7.3091 -1.01334 1.3759 
1.76771e+09 -7.2895 -1.01918 1.37643 -7.29984 -1.01611 1.37611 
1.76771e+09 -7.28075 -1.0218 1.37662 -7.29059 -1.01888 1.37632 
1.76771e+09 -7.27185 -1.02444 1.37682 -7.28133 -1.02163 1.37652 
1.76771e+09 -7.26249 -1.02722 1.37701 -7.27206 -1.02438 1.37671 
1.76771e+09 -7.25439 -1.02961 1.37717 -7.26373 -1.02684 1.37688 
1.76771e+09 -7.24501 -1.03237 1.37736 -7.25354 -1.02984 1.37708 
1.76771e+09 -7.23621 -1.03495 1.37752 -7.24428 -1.03256 1.37726 
1.76771e+09 -7.22727 -1.03757 1.37768 -7.23502 -1.03527 1.37743 
1.76771e+09 -7.21832 -1.04017 1.37784 -7.22577 -1.03796 1.37759 
1.76771e+09 -7.20969 -1.04268 1.37798 -7.21745 -1.04038 1.37773 
1.76771e+09 -7.20038 -1.04537 1.37814 -7.20727 -1.04332 1.3779 
1.76771e+09 -7.19133 -1.04798 1.37828 -7.19988 -1.04545 1.37802 
1.76771e+09 -7.18214 -1.05062 1.37841 -7.18972 -1.04838 1.37817 
1.76771e+09 -7.17297 -1.05324 1.37854 -7.18048 -1.05102 1.37831 
1.76771e+09 -7.16434 -1.0557 1.37866 -7.17217 -1.05339 1.37842 
1.76771e+09 -7.15591 -1.0581 1.37877 -7.16387 -1.05576 1.37854 
1.76771e+09 -7.14609 -1.06088 1.37889 -7.15372 -1.05863 1.37867 
1.76771e+09 -7.13699 -1.06345 1.379 -7.14449 -1.06124 1.37878 
1.76771e+09 -7.12801 -1.06597 1.3791 -7.13526 -1.06384 1.37888 
1.76771e+09 -7.11957 -1.06834 1.37918 -7.12696 -1.06617 1.37897 
1.76771e+09 -7.10977 -1.07107 1.37928 -7.11681 -1.06901 1.37908 
1.76771e+09 -7.10086 -1.07355 1.37936 -7.10758 -1.07158 1.37917 
1.76771e+09 -7.09179 -1.07607 1.37944 -7.09834 -1.07414 1.37925 
1.76771e+09 -7.08341 -1.07839 1.3795 -7.09002 -1.07644 1.37932 
1.76771e+09 -7.074 -1.08098 1.37957 -7.08078 -1.07899 1.37939 
1.76771e+09 -7.06528 -1.08337 1.37963 -7.07153 -1.08153 1.37946 
1.76771e+09 -7.05541 -1.08607 1.37969 -7.06135 -1.08432 1.37953 
1.76771e+09 -7.04629 -1.08856 1.37974 -7.05208 -1.08685 1.37958 
1.76771e+09 -7.03704 -1.09107 1.37979 -7.04374 -1.08911 1.37963 
1.76771e+09 -7.02765 -1.09361 1.37983 -7.03354 -1.09188 1.37967 
1.76771e+09 -7.01856 -1.09606 1.37986 -7.02425 -1.09438 1.37971 
1.76771e+09 -7.00963 -1.09846 1.37989 -7.01496 -1.09688 1.37974 
1.76771e+09 -7.00057 -1.10089 1.37991 -7.00566 -1.09938 1.37977 
1.76771e+09 -6.99134 -1.10336 1.37993 -6.99636 -1.10186 1.37979 
1.76771e+09 -6.98282 -1.10562 1.37994 -6.98798 -1.10409 1.37981 
1.76771e+09 -6.97271 -1.10831 1.37995 -6.97773 -1.10681 1.37982 
1.76771e+09 -6.9638 -1.11066 1.37995 -6.96841 -1.10928 1.37982 
1.76771e+09 -6.95466 -1.11307 1.37995 -6.95908 -1.11174 1.37982 
1.76771e+09 -6.94538 -1.1155 1.37994 -6.94974 -1.11419 1.37982 
1.76771e+09 -6.93671 -1.11777 1.37993 -6.94134 -1.11639 1.37981 
1.76771e+09 -6.92679 -1.12036 1.37991 -6.93105 -1.11908 1.37979 
1.76771e+09 -6.9177 -1.12273 1.37989 -6.9217 -1.12151 1.37977 
1.76771e+09 -6.90842 -1.12513 1.37986 -6.91515 -1.12321 1.37975 
1.76771e+09 -6.8991 -1.12754 1.37982 -6.90579 -1.12563 1.37973 
1.76771e+09 -6.88999 -1.12988 1.37979 -6.89735 -1.12781 1.37969 
1.76771e+09 -6.88153 -1.13205 1.37975 -6.88892 -1.12998 1.37966 
1.76771e+09 -6.87225 -1.13443 1.3797 -6.87954 -1.13238 1.37961 
1.76771e+09 -6.863 -1.13679 1.37965 -6.87015 -1.13478 1.37957 
1.76771e+09 -6.85354 -1.13919 1.37959 -6.86076 -1.13717 1.37951 
1.76771e+09 -6.84438 -1.14151 1.37953 -6.85137 -1.13955 1.37945 
1.76771e+09 -6.8351 -1.14386 1.37946 -6.84196 -1.14194 1.37939 
1.76771e+09 -6.82573 -1.14622 1.37939 -6.83254 -1.14431 1.37932 
1.76771e+09 -6.8155 -1.14878 1.3793 -6.82217 -1.14692 1.37924 
1.76771e+09 -6.80665 -1.151 1.37922 -6.81367 -1.14905 1.37916 
1.76771e+09 -6.79772 -1.15322 1.37914 -6.80422 -1.15141 1.37908 
1.76771e+09 -6.78851 -1.15552 1.37905 -6.79476 -1.15376 1.37899 
1.76771e+09 -6.77823 -1.15806 1.37895 -6.78433 -1.15635 1.37889 
1.76771e+09 -6.76974 -1.16016 1.37886 -6.77579 -1.15847 1.3788 
1.76771e+09 -6.7604 -1.16246 1.37875 -6.76628 -1.16081 1.37869 
1.76771e+09 -6.75104 -1.16477 1.37864 -6.75677 -1.16315 1.37859 
1.76771e+09 -6.74166 -1.16706 1.37853 -6.74724 -1.16549 1.37847 
1.76771e+09 -6.73208 -1.1694 1.37841 -6.73771 -1.16782 1.37836 
1.76771e+09 -6.72288 -1.17164 1.37829 -6.72817 -1.17014 1.37824 
1.76771e+09 -6.71329 -1.17397 1.37816 -6.71862 -1.17246 1.37811 
1.76771e+09 -6.70378 -1.17628 1.37803 -6.70906 -1.17478 1.37798 
1.76771e+09 -6.69368 -1.17871 1.37788 -6.69854 -1.17732 1.37783 
1.76771e+09 -6.68529 -1.18073 1.37776 -6.68993 -1.17939 1.3777 
1.76771e+09 -6.67587 -1.18299 1.37762 -6.68036 -1.18169 1.37756 
1.76771e+09 -6.66632 -1.18528 1.37747 -6.67175 -1.18376 1.37743 
1.76771e+09 -6.65674 -1.18757 1.37731 -6.66217 -1.18605 1.37728 
1.76771e+09 -6.64742 -1.18979 1.37716 -6.65259 -1.18833 1.37712 
1.76771e+09 -6.63797 -1.19203 1.377 -6.643 -1.19061 1.37696 
1.76771e+09 -6.6285 -1.19427 1.37684 -6.63341 -1.19288 1.3768 
1.76771e+09 -6.61916 -1.19648 1.37667 -6.62382 -1.19514 1.37663 
1.76771e+09 -6.60953 -1.19875 1.3765 -6.61423 -1.19741 1.37646 
1.76771e+09 -6.60011 -1.20096 1.37632 -6.60463 -1.19966 1.37629 
1.76771e+09 -6.59053 -1.2032 1.37614 -6.59503 -1.20191 1.37611 
1.76771e+09 -6.58051 -1.20555 1.37595 -6.58639 -1.20393 1.37595 
1.76771e+09 -6.57052 -1.20787 1.37575 -6.57678 -1.20618 1.37576 
1.76771e+09 -6.56231 -1.20978 1.37559 -6.56813 -1.20819 1.37559 
1.76771e+09 -6.55231 -1.2121 1.37539 -6.55948 -1.2102 1.37542 
1.76771e+09 -6.54274 -1.21431 1.37519 -6.54986 -1.21243 1.37522 
1.76771e+09 -6.53352 -1.21644 1.37499 -6.54024 -1.21465 1.37502 
1.76771e+09 -6.52434 -1.21856 1.3748 -6.53158 -1.21665 1.37484 
1.76771e+09 -6.51421 -1.22088 1.37458 -6.52099 -1.21908 1.37461 
1.76771e+09 -6.50457 -1.22309 1.37436 -6.51136 -1.22129 1.3744 
1.76771e+09 -6.49533 -1.2252 1.37416 -6.50172 -1.2235 1.37419 
1.76771e+09 -6.48588 -1.22736 1.37394 -6.49207 -1.2257 1.37397 
1.76771e+09 -6.47625 -1.22955 1.37372 -6.48242 -1.2279 1.37375 
1.76771e+09 -6.46671 -1.23172 1.3735 -6.47276 -1.23009 1.37352 
1.76771e+09 -6.4568 -1.23396 1.37326 -6.46308 -1.23229 1.3733 
1.76771e+09 -6.44775 -1.23601 1.37304 -6.4534 -1.23448 1.37306 
1.76771e+09 -6.43791 -1.23823 1.3728 -6.44565 -1.23623 1.37288 
1.76771e+09 -6.42841 -1.24037 1.37257 -6.43693 -1.23819 1.37266 
1.76771e+09 -6.41777 -1.24276 1.3723 -6.42819 -1.24016 1.37245 
1.76771e+09 -6.40874 -1.24478 1.37208 -6.41946 -1.24212 1.37223 
1.76771e+09 -6.39993 -1.24675 1.37185 -6.40974 -1.2443 1.37199 
1.76771e+09 -6.39033 -1.24889 1.3716 -6.40002 -1.24647 1.37174 
1.76771e+09 -6.3807 -1.25104 1.37135 -6.39029 -1.24864 1.37149 
1.76771e+09 -6.37114 -1.25317 1.3711 -6.38055 -1.25081 1.37123 
1.76771e+09 -6.35983 -1.25567 1.3708 -6.37081 -1.25298 1.37098 
1.76771e+09 -6.35149 -1.25752 1.37058 -6.36203 -1.25492 1.37074 
1.76771e+09 -6.3419 -1.25964 1.37032 -6.35227 -1.25709 1.37048 
1.76771e+09 -6.3328 -1.26165 1.37007 -6.34347 -1.25903 1.37024 
1.76771e+09 -6.32332 -1.26374 1.36981 -6.33369 -1.26119 1.36997 
1.76771e+09 -6.31256 -1.26611 1.36951 -6.32292 -1.26356 1.36968 
1.76771e+09 -6.30352 -1.2681 1.36925 -6.31311 -1.26572 1.3694 
1.76771e+09 -6.29388 -1.27021 1.36898 -6.30329 -1.26787 1.36913 
1.76771e+09 -6.28422 -1.27232 1.36871 -6.29346 -1.27003 1.36885 
1.76771e+09 -6.27435 -1.27448 1.36842 -6.28361 -1.27218 1.36857 
1.76771e+09 -6.26464 -1.2766 1.36814 -6.27376 -1.27433 1.36828 
1.76771e+09 -6.25517 -1.27866 1.36787 -6.26389 -1.27649 1.368 
1.76771e+09 -6.24579 -1.2807 1.36759 -6.25402 -1.27863 1.36771 
1.76771e+09 -6.23596 -1.28284 1.3673 -6.24414 -1.28078 1.36742 
1.76771e+09 -6.22605 -1.28499 1.36701 -6.23524 -1.28271 1.36716 
1.76771e+09 -6.21667 -1.28702 1.36673 -6.22536 -1.28486 1.36686 
1.76771e+09 -6.20711 -1.28908 1.36644 -6.21547 -1.287 1.36657 
1.76771e+09 -6.19729 -1.29121 1.36614 -6.20558 -1.28914 1.36627 
1.76771e+09 -6.18784 -1.29324 1.36585 -6.19568 -1.29127 1.36597 
1.76771e+09 -6.17808 -1.29535 1.36555 -6.18579 -1.2934 1.36567 
1.76771e+09 -6.16853 -1.2974 1.36526 -6.17591 -1.29553 1.36537 
1.76771e+09 -6.15888 -1.29948 1.36496 -6.16602 -1.29766 1.36507 
1.76771e+09 -6.14999 -1.30139 1.36469 -6.15712 -1.29957 1.36479 
1.76771e+09 -6.13953 -1.30363 1.36436 -6.14625 -1.30191 1.36446 
1.76771e+09 -6.13064 -1.30553 1.36408 -6.13736 -1.30381 1.36418 
1.76771e+09 -6.12005 -1.3078 1.36375 -6.12649 -1.30614 1.36384 
1.76771e+09 -6.11052 -1.30984 1.36345 -6.11661 -1.30825 1.36353 
1.76771e+09 -6.10091 -1.31189 1.36314 -6.10773 -1.31015 1.36325 
1.76771e+09 -6.09125 -1.31395 1.36283 -6.09785 -1.31226 1.36294 
1.76771e+09 -6.08157 -1.31602 1.36252 -6.08799 -1.31436 1.36263 
1.76771e+09 -6.07148 -1.31816 1.3622 -6.07813 -1.31647 1.36231 
1.76771e+09 -6.06227 -1.32012 1.3619 -6.06827 -1.31856 1.362 
1.76771e+09 -6.05256 -1.32219 1.36159 -6.05841 -1.32066 1.36168 
1.76771e+09 -6.04366 -1.32408 1.3613 -6.04955 -1.32255 1.3614 
1.76771e+09 -6.03392 -1.32615 1.36099 -6.03971 -1.32464 1.36108 
1.76771e+09 -6.02345 -1.32837 1.36065 -6.02889 -1.32693 1.36073 
1.76771e+09 -6.01382 -1.33041 1.36033 -6.01905 -1.32902 1.36041 
1.76771e+09 -6.00418 -1.33245 1.36002 -6.00922 -1.33111 1.36009 
1.76771e+09 -5.99445 -1.33452 1.3597 -5.9994 -1.33319 1.35977 
1.76771e+09 -5.98482 -1.33655 1.35938 -5.98958 -1.33527 1.35945 
1.76771e+09 -5.97496 -1.33864 1.35906 -5.97976 -1.33735 1.35912 
1.76771e+09 -5.96539 -1.34066 1.35874 -5.96995 -1.33942 1.3588 
1.76771e+09 -5.95578 -1.34269 1.35842 -5.96013 -1.3415 1.35848 
1.76771e+09 -5.94678 -1.3446 1.35813 -5.95131 -1.34336 1.35819 
1.76771e+09 -5.93625 -1.34682 1.35778 -5.94052 -1.34564 1.35783 
1.76771e+09 -5.92658 -1.34886 1.35746 -5.93072 -1.34771 1.35751 
1.76771e+09 -5.91704 -1.35087 1.35714 -5.92092 -1.34978 1.35719 
1.76771e+09 -5.9074 -1.35291 1.35682 -5.91113 -1.35185 1.35686 
1.76771e+09 -5.89825 -1.35484 1.35652 -5.90232 -1.35371 1.35657 
1.76771e+09 -5.88798 -1.357 1.35618 -5.89156 -1.35598 1.35621 
1.76771e+09 -5.87821 -1.35906 1.35585 -5.88178 -1.35804 1.35589 
1.76771e+09 -5.86856 -1.3611 1.35553 -5.872 -1.36011 1.35556 
1.76771e+09 -5.85895 -1.36312 1.35521 -5.86222 -1.36217 1.35524 
1.76771e+09 -5.84931 -1.36516 1.35489 -5.85245 -1.36423 1.35491 
1.76771e+09 -5.83965 -1.36719 1.35457 -5.84269 -1.36629 1.35459 
1.76771e+09 -5.83045 -1.36913 1.35426 -5.8339 -1.36814 1.3543 
1.76771e+09 -5.82028 -1.37128 1.35392 -5.82317 -1.3704 1.35394 
1.76771e+09 -5.81067 -1.3733 1.3536 -5.81341 -1.37246 1.35362 
1.76771e+09 -5.80179 -1.37517 1.35331 -5.80463 -1.37431 1.35333 
1.76771e+09 -5.79112 -1.37742 1.35296 -5.79391 -1.37658 1.35297 
1.76771e+09 -5.78191 -1.37937 1.35265 -5.78514 -1.37843 1.35268 
1.76771e+09 -5.77196 -1.38146 1.35232 -5.77442 -1.38069 1.35233 
1.76771e+09 -5.76217 -1.38353 1.352 -5.76468 -1.38274 1.35201 
1.76771e+09 -5.75299 -1.38547 1.35169 -5.75592 -1.38459 1.35172 
1.76771e+09 -5.74288 -1.3876 1.35136 -5.74522 -1.38685 1.35137 
1.76771e+09 -5.73371 -1.38954 1.35106 -5.73646 -1.3887 1.35108 
1.76771e+09 -5.72355 -1.39168 1.35072 -5.72576 -1.39096 1.35073 
1.76771e+09 -5.71385 -1.39373 1.35041 -5.71604 -1.39302 1.35041 
1.76771e+09 -5.70494 -1.39561 1.35011 -5.7073 -1.39487 1.35012 
1.76771e+09 -5.69457 -1.39781 1.34978 -5.69758 -1.39693 1.34981 
1.76771e+09 -5.68368 -1.40011 1.34942 -5.6869 -1.39919 1.34946 
1.76771e+09 -5.6753 -1.40189 1.34915 -5.67719 -1.40124 1.34914 
1.76771e+09 -5.66557 -1.40395 1.34883 -5.66749 -1.4033 1.34883 
1.76771e+09 -5.65663 -1.40584 1.34854 -5.65875 -1.40515 1.34854 
1.76771e+09 -5.64683 -1.40792 1.34823 -5.64905 -1.40721 1.34823 
1.76771e+09 -5.63722 -1.40996 1.34792 -5.63936 -1.40927 1.34792 
1.76771e+09 -5.62696 -1.41214 1.34759 -5.62869 -1.41153 1.34758 
1.76771e+09 -5.61733 -1.41418 1.34728 -5.619 -1.41359 1.34727 
1.76771e+09 -5.6076 -1.41625 1.34697 -5.60932 -1.41565 1.34696 
1.76771e+09 -5.59806 -1.41828 1.34667 -5.59963 -1.41771 1.34665 
1.76771e+09 -5.58839 -1.42034 1.34636 -5.58995 -1.41978 1.34635 
1.76771e+09 -5.57877 -1.42239 1.34606 -5.58027 -1.42184 1.34604 
1.76771e+09 -5.56977 -1.42431 1.34577 -5.57156 -1.4237 1.34577 
1.76771e+09 -5.55945 -1.42651 1.34545 -5.56092 -1.42597 1.34544 
1.76771e+09 -5.55068 -1.42838 1.34518 -5.55222 -1.42783 1.34516 
1.76771e+09 -5.54093 -1.43047 1.34487 -5.54256 -1.42989 1.34487 
1.76771e+09 -5.53025 -1.43275 1.34454 -5.53193 -1.43217 1.34454 
1.76771e+09 -5.52184 -1.43455 1.34428 -5.52324 -1.43403 1.34427 
1.76771e+09 -5.51141 -1.43679 1.34396 -5.51263 -1.43631 1.34394 
1.76771e+09 -5.50255 -1.43869 1.34369 -5.50395 -1.43817 1.34368 
1.76771e+09 -5.49287 -1.44077 1.3434 -5.4943 -1.44024 1.34339 
1.76771e+09 -5.48254 -1.44299 1.34309 -5.4837 -1.44253 1.34307 
1.76771e+09 -5.47366 -1.4449 1.34282 -5.47503 -1.44439 1.34281 
1.76771e+09 -5.46411 -1.44696 1.34254 -5.4654 -1.44647 1.34252 
1.76771e+09 -5.45372 -1.4492 1.34223 -5.45481 -1.44875 1.3422 
1.76771e+09 -5.44451 -1.45119 1.34195 -5.44615 -1.45063 1.34195 
1.76771e+09 -5.43454 -1.45334 1.34166 -5.43557 -1.45291 1.34164 
1.76771e+09 -5.42498 -1.45541 1.34138 -5.42596 -1.455 1.34136 
1.76771e+09 -5.41517 -1.45753 1.34109 -5.41635 -1.45708 1.34108 
1.76771e+09 -5.40577 -1.45957 1.34082 -5.40674 -1.45917 1.3408 
1.76771e+09 -5.39693 -1.46149 1.34057 -5.39906 -1.46084 1.34058 
1.76771e+09 -5.38652 -1.46376 1.34027 -5.3885 -1.46313 1.34028 
1.76771e+09 -5.37697 -1.46584 1.34 -5.3789 -1.46522 1.34001 
1.76771e+09 -5.36771 -1.46786 1.33974 -5.37027 -1.46711 1.33976 
1.76771e+09 -5.35821 -1.46993 1.33947 -5.36068 -1.4692 1.33949 
1.76771e+09 -5.34722 -1.47233 1.33917 -5.35014 -1.47151 1.3392 
1.76771e+09 -5.33775 -1.4744 1.33891 -5.34056 -1.4736 1.33894 
1.76771e+09 -5.32909 -1.4763 1.33867 -5.33098 -1.4757 1.33867 
1.76771e+09 -5.32016 -1.47826 1.33842 -5.32237 -1.4776 1.33844 
1.76771e+09 -5.31071 -1.48034 1.33817 -5.3128 -1.4797 1.33818 
1.76771e+09 -5.30116 -1.48244 1.33791 -5.30323 -1.48181 1.33792 
1.76771e+09 -5.29168 -1.48453 1.33766 -5.29366 -1.48392 1.33767 
1.76771e+09 -5.28214 -1.48663 1.33741 -5.28409 -1.48603 1.33741 
1.76771e+09 -5.27185 -1.48891 1.33714 -5.27356 -1.48836 1.33714 
1.76771e+09 -5.26226 -1.49103 1.33689 -5.264 -1.49048 1.33689 
1.76771e+09 -5.25326 -1.49302 1.33665 -5.25539 -1.49238 1.33667 
1.76771e+09 -5.24405 -1.49507 1.33642 -5.24582 -1.49451 1.33642 
1.76771e+09 -5.23355 -1.4974 1.33615 -5.23531 -1.49685 1.33615 
1.76771e+09 -5.22418 -1.49949 1.33592 -5.22575 -1.49898 1.33591 
1.76771e+09 -5.21547 -1.50143 1.3357 -5.21715 -1.5009 1.3357 
1.76771e+09 -5.20562 -1.50363 1.33545 -5.20759 -1.50303 1.33546 
1.76771e+09 -5.1964 -1.50569 1.33523 -5.19804 -1.50517 1.33523 
1.76771e+09 -5.18606 -1.508 1.33498 -5.18754 -1.50752 1.33498 
1.76771e+09 -5.17718 -1.50999 1.33476 -5.17896 -1.50945 1.33477 
1.76771e+09 -5.16765 -1.51213 1.33454 -5.16942 -1.51159 1.33454 
1.76771e+09 -5.15809 -1.51428 1.33431 -5.15989 -1.51374 1.33432 
1.76771e+09 -5.14885 -1.51637 1.33409 -5.15036 -1.51589 1.3341 
1.76771e+09 -5.13865 -1.51867 1.33386 -5.13989 -1.51825 1.33385 
1.76771e+09 -5.12963 -1.52071 1.33365 -5.13132 -1.52019 1.33366 
1.76771e+09 -5.12007 -1.52287 1.33343 -5.12181 -1.52234 1.33344 
1.76771e+09 -5.11065 -1.52501 1.33322 -5.1123 -1.5245 1.33323 
1.76771e+09 -5.10112 -1.52717 1.33301 -5.1028 -1.52666 1.33302 
1.76771e+09 -5.092 -1.52925 1.33281 -5.0933 -1.52882 1.33281 
1.76771e+09 -5.0819 -1.53155 1.33259 -5.0838 -1.53099 1.3326 
1.76771e+09 -5.07229 -1.53374 1.33238 -5.07336 -1.53337 1.33238 
1.76771e+09 -5.06338 -1.53578 1.3322 -5.06483 -1.53533 1.3322 
1.76771e+09 -5.05404 -1.53792 1.332 -5.05535 -1.5375 1.332 
1.76771e+09 -5.0439 -1.54024 1.33179 -5.04492 -1.53989 1.33178 
1.76771e+09 -5.03522 -1.54224 1.33161 -5.0364 -1.54185 1.33161 
1.76771e+09 -5.02562 -1.54445 1.33142 -5.02693 -1.54403 1.33142 
1.76771e+09 -5.01615 -1.54663 1.33123 -5.01747 -1.54622 1.33123 
1.76771e+09 -5.00602 -1.54897 1.33103 -5.00707 -1.54862 1.33102 
1.76771e+09 -4.99736 -1.55097 1.33086 -4.99856 -1.55059 1.33086 
1.76771e+09 -4.98732 -1.5533 1.33066 -4.98817 -1.553 1.33066 
1.76771e+09 -4.97784 -1.5555 1.33048 -4.97873 -1.55519 1.33048 
1.76771e+09 -4.9689 -1.55757 1.33032 -4.97024 -1.55717 1.33032 
1.76771e+09 -4.95981 -1.55969 1.33015 -4.9608 -1.55936 1.33015 
1.76771e+09 -4.95042 -1.56188 1.32998 -4.95138 -1.56156 1.32997 
1.76771e+09 -4.94099 -1.56408 1.3298 -4.94196 -1.56377 1.3298 
1.76771e+09 -4.93115 -1.56639 1.32963 -4.93254 -1.56597 1.32964 
1.76771e+09 -4.92194 -1.56854 1.32947 -4.92313 -1.56818 1.32947 
1.76771e+09 -4.91163 -1.57097 1.32929 -4.91278 -1.57061 1.32929 
1.76771e+09 -4.90327 -1.57293 1.32915 -4.90432 -1.5726 1.32915 
1.76771e+09 -4.89395 -1.57513 1.32899 -4.89492 -1.57482 1.32899 
1.76771e+09 -4.88454 -1.57735 1.32884 -4.88553 -1.57704 1.32884 
1.76771e+09 -4.87475 -1.57966 1.32868 -4.87614 -1.57926 1.32869 
1.76771e+09 -4.86586 -1.58177 1.32854 -4.86675 -1.58148 1.32854 
1.76771e+09 -4.85651 -1.58399 1.32839 -4.85737 -1.58371 1.32839 
1.76771e+09 -4.84707 -1.58623 1.32824 -4.848 -1.58594 1.32824 
1.76771e+09 -4.83708 -1.58861 1.32809 -4.83956 -1.58795 1.32812 
1.76771e+09 -4.82825 -1.59071 1.32796 -4.8302 -1.59018 1.32798 
1.76771e+09 -4.81901 -1.59292 1.32782 -4.82083 -1.59242 1.32784 
1.76771e+09 -4.80959 -1.59517 1.32769 -4.81147 -1.59466 1.3277 
1.76771e+09 -4.80031 -1.5974 1.32756 -4.80212 -1.5969 1.32757 
1.76771e+09 -4.78971 -1.59994 1.32741 -4.79276 -1.59915 1.32744 
1.76771e+09 -4.78126 -1.60197 1.32729 -4.78435 -1.60117 1.32732 
1.76771e+09 -4.77165 -1.60429 1.32716 -4.77593 -1.6032 1.32721 
1.76771e+09 -4.76203 -1.60661 1.32704 -4.76752 -1.60523 1.3271 
1.76771e+09 -4.75295 -1.6088 1.32692 -4.75818 -1.60749 1.32698 
1.76771e+09 -4.74371 -1.61104 1.3268 -4.74884 -1.60975 1.32686 
1.76771e+09 -4.7335 -1.61352 1.32668 -4.74043 -1.61179 1.32676 
1.76771e+09 -4.72509 -1.61556 1.32658 -4.73203 -1.61383 1.32665 
1.76771e+09 -4.71607 -1.61776 1.32647 -4.72269 -1.6161 1.32654 
1.76771e+09 -4.70675 -1.62003 1.32636 -4.71334 -1.61838 1.32643 
1.76771e+09 -4.69738 -1.62231 1.32625 -4.70587 -1.6202 1.32634 
1.76771e+09 -4.68797 -1.62462 1.32615 -4.69652 -1.62249 1.32624 
1.76771e+09 -4.67873 -1.62688 1.32605 -4.68716 -1.62478 1.32614 
1.76771e+09 -4.66921 -1.62921 1.32595 -4.6778 -1.62707 1.32604 
1.76771e+09 -4.66011 -1.63145 1.32585 -4.66843 -1.62938 1.32594 
1.76771e+09 -4.65088 -1.63372 1.32576 -4.66093 -1.63122 1.32586 
1.76771e+09 -4.64149 -1.63604 1.32567 -4.65155 -1.63353 1.32577 
1.76771e+09 -4.63228 -1.63831 1.32558 -4.64216 -1.63585 1.32568 
1.76771e+09 -4.62312 -1.64058 1.32549 -4.63276 -1.63818 1.32559 
1.76771e+09 -4.61352 -1.64296 1.32541 -4.62429 -1.64027 1.32551 
1.76771e+09 -4.60416 -1.64528 1.32532 -4.61487 -1.64261 1.32542 
1.76771e+09 -4.59507 -1.64754 1.32525 -4.60545 -1.64495 1.32534 
1.76771e+09 -4.58604 -1.64979 1.32517 -4.59601 -1.6473 1.32526 
1.76771e+09 -4.57677 -1.6521 1.3251 -4.58657 -1.64965 1.32519 
1.76771e+09 -4.56746 -1.65442 1.32502 -4.57712 -1.65201 1.32511 
1.76771e+09 -4.55825 -1.65673 1.32495 -4.56766 -1.65438 1.32504 
1.76771e+09 -4.54876 -1.65911 1.32488 -4.5582 -1.65675 1.32497 
1.76771e+09 -4.53968 -1.66138 1.32482 -4.54873 -1.65912 1.3249 
1.76771e+09 -4.5304 -1.66372 1.32475 -4.53925 -1.6615 1.32483 
1.76771e+09 -4.52117 -1.66604 1.32469 -4.52978 -1.66389 1.32477 
1.76771e+09 -4.51188 -1.66838 1.32463 -4.5203 -1.66628 1.32471 
1.76771e+09 -4.50242 -1.67077 1.32458 -4.51081 -1.66867 1.32465 
1.76771e+09 -4.49348 -1.67303 1.32452 -4.50133 -1.67107 1.32459 
1.76771e+09 -4.48425 -1.67537 1.32447 -4.49185 -1.67347 1.32454 
1.76771e+09 -4.47508 -1.6777 1.32442 -4.48237 -1.67588 1.32449 
1.76771e+09 -4.46564 -1.68009 1.32437 -4.4729 -1.67829 1.32444 
1.76771e+09 -4.45685 -1.68233 1.32433 -4.46438 -1.68045 1.32439 
1.76771e+09 -4.44736 -1.68475 1.32428 -4.45397 -1.68311 1.32434 
1.76771e+09 -4.43818 -1.68709 1.32424 -4.44451 -1.68552 1.3243 
1.76771e+09 -4.42891 -1.68946 1.3242 -4.43506 -1.68793 1.32426 
1.76771e+09 -4.41973 -1.69181 1.32416 -4.42562 -1.69035 1.32422 
1.76771e+09 -4.41002 -1.6943 1.32413 -4.41619 -1.69277 1.32418 
1.76771e+09 -4.4013 -1.69654 1.3241 -4.40677 -1.69519 1.32415 
1.76771e+09 -4.39206 -1.69891 1.32406 -4.39736 -1.6976 1.32412 
1.76771e+09 -4.38283 -1.70129 1.32403 -4.38796 -1.70002 1.32409 
1.76771e+09 -4.37352 -1.70369 1.32401 -4.37857 -1.70245 1.32406 
1.76771e+09 -4.36423 -1.70609 1.32398 -4.36919 -1.70487 1.32403 
1.76771e+09 -4.3553 -1.70839 1.32396 -4.35982 -1.70729 1.32401 
1.76771e+09 -4.34612 -1.71077 1.32394 -4.35047 -1.70971 1.32399 
1.76771e+09 -4.33677 -1.71319 1.32392 -4.34112 -1.71213 1.32397 
1.76771e+09 -4.32724 -1.71567 1.3239 -4.33272 -1.71432 1.32395 
1.76771e+09 -4.31819 -1.71802 1.32389 -4.32525 -1.71625 1.32394 
1.76771e+09 -4.3093 -1.72033 1.32387 -4.31687 -1.71844 1.32392 
1.76771e+09 -4.3001 -1.72273 1.32386 -4.30756 -1.72086 1.32391 
1.76771e+09 -4.29057 -1.72522 1.32385 -4.29826 -1.72329 1.3239 
1.76771e+09 -4.28133 -1.72764 1.32385 -4.28897 -1.72571 1.32389 
1.76771e+09 -4.27241 -1.72997 1.32384 -4.27969 -1.72814 1.32388 
1.76771e+09 -4.26343 -1.73232 1.32384 -4.27041 -1.73057 1.32388 
1.76771e+09 -4.25427 -1.73473 1.32383 -4.26114 -1.733 1.32387 
1.76771e+09 -4.24499 -1.73716 1.32383 -4.25187 -1.73543 1.32387 
1.76771e+09 -4.23535 -1.7397 1.32384 -4.24261 -1.73787 1.32387 
1.76771e+09 -4.22669 -1.74198 1.32384 -4.23334 -1.74031 1.32388 
1.76771e+09 -4.21759 -1.74438 1.32384 -4.22408 -1.74275 1.32388 
1.76771e+09 -4.20833 -1.74682 1.32385 -4.21481 -1.7452 1.32389 
1.76771e+09 -4.1988 -1.74934 1.32386 -4.20554 -1.74765 1.32389 
1.76771e+09 -4.18977 -1.75173 1.32387 -4.19626 -1.7501 1.3239 
1.76771e+09 -4.18098 -1.75406 1.32388 -4.18699 -1.75256 1.32391 
1.76771e+09 -4.17154 -1.75656 1.3239 -4.17771 -1.75502 1.32393 
1.76771e+09 -4.16267 -1.75892 1.32391 -4.16843 -1.75748 1.32394 
1.76771e+09 -4.15348 -1.76136 1.32393 -4.15915 -1.75995 1.32396 
1.76771e+09 -4.14442 -1.76377 1.32395 -4.14987 -1.76242 1.32398 
1.76771e+09 -4.13488 -1.76632 1.32397 -4.14059 -1.76489 1.324 
1.76771e+09 -4.12601 -1.76868 1.32399 -4.13131 -1.76736 1.32402 
1.76771e+09 -4.11703 -1.77108 1.32401 -4.12203 -1.76984 1.32404 
1.76771e+09 -4.10782 -1.77354 1.32404 -4.11276 -1.77232 1.32406 
1.76771e+09 -4.09865 -1.776 1.32406 -4.10349 -1.7748 1.32409 
1.76771e+09 -4.08942 -1.77847 1.32409 -4.09422 -1.77728 1.32412 
1.76771e+09 -4.07899 -1.78127 1.32412 -4.08495 -1.77977 1.32415 
1.76771e+09 -4.07109 -1.78339 1.32415 -4.07662 -1.78201 1.32417 
1.76771e+09 -4.06032 -1.78628 1.32419 -4.06736 -1.7845 1.32421 
1.76771e+09 -4.05327 -1.78818 1.32421 -4.05995 -1.78649 1.32423 
1.76771e+09 -4.04403 -1.79067 1.32425 -4.0507 -1.78898 1.32427 
1.76771e+09 -4.035 -1.7931 1.32429 -4.04145 -1.79147 1.3243 
1.76771e+09 -4.02592 -1.79555 1.32432 -4.03221 -1.79396 1.32434 
1.76771e+09 -4.01675 -1.79803 1.32436 -4.02296 -1.79646 1.32438 
1.76771e+09 -4.00771 -1.80047 1.3244 -4.01372 -1.79896 1.32442 
1.76771e+09 -3.99856 -1.80295 1.32444 -4.00448 -1.80145 1.32446 
1.76771e+09 -3.9892 -1.80549 1.32449 -3.99525 -1.80396 1.3245 
1.76771e+09 -3.9803 -1.8079 1.32453 -3.98601 -1.80646 1.32455 
1.76771e+09 -3.97114 -1.81038 1.32458 -3.97677 -1.80896 1.32459 
1.76771e+09 -3.96205 -1.81285 1.32462 -3.96754 -1.81147 1.32464 
1.76771e+09 -3.95278 -1.81537 1.32467 -3.9583 -1.81398 1.32469 
1.76771e+09 -3.9439 -1.81779 1.32472 -3.94906 -1.8165 1.32473 
1.76771e+09 -3.93478 -1.82027 1.32477 -3.93982 -1.81901 1.32478 
1.76771e+09 -3.92568 -1.82275 1.32482 -3.93059 -1.82153 1.32484 
1.76771e+09 -3.91639 -1.82528 1.32487 -3.92135 -1.82405 1.32489 
1.76771e+09 -3.90737 -1.82774 1.32492 -3.91211 -1.82657 1.32494 
1.76771e+09 -3.89829 -1.83023 1.32498 -3.90288 -1.82909 1.325 
1.76771e+09 -3.88927 -1.83269 1.32503 -3.89365 -1.83161 1.32505 
1.76771e+09 -3.88009 -1.8352 1.32509 -3.88442 -1.83414 1.32511 
1.76771e+09 -3.8711 -1.83766 1.32515 -3.87611 -1.83641 1.32516 
1.76771e+09 -3.86184 -1.8402 1.32521 -3.86597 -1.83919 1.32522 
1.76771e+09 -3.8525 -1.84276 1.32527 -3.85675 -1.84172 1.32528 
1.76771e+09 -3.84371 -1.84517 1.32532 -3.84753 -1.84424 1.32534 
1.76771e+09 -3.83418 -1.84779 1.32539 -3.83831 -1.84677 1.3254 
1.76771e+09 -3.82523 -1.85025 1.32545 -3.8291 -1.8493 1.32547 
1.76771e+09 -3.81585 -1.85283 1.32551 -3.8199 -1.85183 1.32553 
1.76771e+09 -3.80702 -1.85526 1.32558 -3.81069 -1.85437 1.32559 
1.76771e+09 -3.79804 -1.85773 1.32564 -3.80149 -1.8569 1.32566 
1.76771e+09 -3.78875 -1.86029 1.32571 -3.79229 -1.85943 1.32572 
1.76771e+09 -3.7797 -1.86278 1.32577 -3.7831 -1.86197 1.32579 
1.76771e+09 -3.77062 -1.86529 1.32584 -3.77391 -1.8645 1.32586 
1.76771e+09 -3.76124 -1.86788 1.32591 -3.76472 -1.86704 1.32592 
1.76771e+09 -3.7524 -1.87032 1.32597 -3.75553 -1.86957 1.32599 
1.76771e+09 -3.74361 -1.87275 1.32604 -3.74635 -1.87211 1.32606 
1.76771e+09 -3.73404 -1.87539 1.32611 -3.73717 -1.87465 1.32613 
1.76771e+09 -3.72525 -1.87782 1.32618 -3.72799 -1.87719 1.3262 
1.76771e+09 -3.71579 -1.88044 1.32625 -3.71882 -1.87972 1.32627 
1.76771e+09 -3.70706 -1.88286 1.32632 -3.70965 -1.88226 1.32634 
1.76771e+09 -3.6981 -1.88534 1.32639 -3.70048 -1.8848 1.32641 
1.76771e+09 -3.68858 -1.88798 1.32647 -3.69131 -1.88734 1.32649 
1.76771e+09 -3.67991 -1.89038 1.32654 -3.68306 -1.88963 1.32655 
1.76771e+09 -3.67018 -1.89308 1.32662 -3.67299 -1.89242 1.32663 
1.76771e+09 -3.66145 -1.8955 1.32669 -3.66383 -1.89496 1.32671 
1.76771e+09 -3.65219 -1.89807 1.32676 -3.65467 -1.89751 1.32678 
1.76771e+09 -3.64346 -1.9005 1.32683 -3.64552 -1.90005 1.32686 
1.76771e+09 -3.63411 -1.9031 1.32691 -3.63637 -1.90259 1.32693 
1.76771e+09 -3.62452 -1.90576 1.32699 -3.62722 -1.90513 1.32701 
1.76771e+09 -3.61603 -1.90812 1.32706 -3.61807 -1.90768 1.32708 
1.76771e+09 -3.60701 -1.91063 1.32714 -3.60892 -1.91022 1.32716 
1.76771e+09 -3.59758 -1.91326 1.32722 -3.59978 -1.91277 1.32724 
1.76771e+09 -3.58847 -1.91579 1.32729 -3.59063 -1.91531 1.32731 
1.76771e+09 -3.57919 -1.91837 1.32737 -3.58149 -1.91786 1.32739 
1.76771e+09 -3.5705 -1.92079 1.32745 -3.57234 -1.9204 1.32747 
1.76771e+09 -3.56152 -1.9233 1.32752 -3.5632 -1.92295 1.32755 
1.76771e+09 -3.55239 -1.92584 1.3276 -3.55406 -1.9255 1.32762 
1.76771e+09 -3.5431 -1.92843 1.32768 -3.54492 -1.92804 1.3277 
1.76771e+09 -3.53363 -1.93107 1.32776 -3.53669 -1.93034 1.32777 
1.76771e+09 -3.52478 -1.93354 1.32784 -3.52755 -1.93289 1.32785 
1.76771e+09 -3.51574 -1.93606 1.32792 -3.52024 -1.93492 1.32792 
1.76771e+09 -3.50637 -1.93867 1.328 -3.5111 -1.93747 1.32799 
1.76771e+09 -3.49714 -1.94125 1.32808 -3.50196 -1.94002 1.32807 
1.76771e+09 -3.48844 -1.94368 1.32815 -3.49282 -1.94257 1.32815 
1.76771e+09 -3.47927 -1.94624 1.32823 -3.48368 -1.94512 1.32823 
1.76771e+09 -3.47021 -1.94877 1.32831 -3.47454 -1.94768 1.32831 
1.76771e+09 -3.46107 -1.95132 1.32839 -3.46631 -1.94997 1.32838 
1.76771e+09 -3.45183 -1.9539 1.32847 -3.45716 -1.95253 1.32846 
1.76771e+09 -3.44246 -1.95652 1.32855 -3.44801 -1.95508 1.32854 
1.76771e+09 -3.43325 -1.95909 1.32863 -3.44069 -1.95713 1.3286 
1.76771e+09 -3.4247 -1.96148 1.32871 -3.43244 -1.95943 1.32868 
1.76771e+09 -3.41581 -1.96396 1.32878 -3.42327 -1.96199 1.32876 
1.76771e+09 -3.40652 -1.96656 1.32886 -3.4141 -1.96455 1.32883 
1.76771e+09 -3.39637 -1.96939 1.32895 -3.40491 -1.96712 1.32891 
1.76771e+09 -3.38824 -1.97166 1.32902 -3.39572 -1.96969 1.32899 
1.76771e+09 -3.37888 -1.97428 1.3291 -3.38652 -1.97226 1.32907 
1.76771e+09 -3.37017 -1.97671 1.32918 -3.3773 -1.97483 1.32915 
1.76771e+09 -3.36094 -1.97929 1.32926 -3.36808 -1.97741 1.32923 
1.76771e+09 -3.35146 -1.98194 1.32934 -3.35885 -1.97999 1.32931 
1.76771e+09 -3.34283 -1.98435 1.32941 -3.3496 -1.98257 1.32939 
1.76771e+09 -3.33333 -1.987 1.32949 -3.34035 -1.98516 1.32947 
1.76771e+09 -3.32447 -1.98948 1.32957 -3.33108 -1.98775 1.32955 
1.76771e+09 -3.31544 -1.992 1.32964 -3.32181 -1.99034 1.32962 
1.76771e+09 -3.30572 -1.99472 1.32972 -3.31252 -1.99293 1.3297 
1.76771e+09 -3.29686 -1.99719 1.3298 -3.30323 -1.99553 1.32978 
1.76771e+09 -3.28793 -1.99969 1.32987 -3.29393 -1.99812 1.32985 
1.76771e+09 -3.27865 -2.00228 1.32995 -3.28462 -2.00072 1.32993 
1.76771e+09 -3.26921 -2.00491 1.33002 -3.27532 -2.00332 1.33001 
1.76771e+09 -3.26059 -2.00732 1.3301 -3.266 -2.00592 1.33008 
1.76771e+09 -3.25125 -2.00993 1.33017 -3.25669 -2.00852 1.33016 
1.76771e+09 -3.24208 -2.01249 1.33025 -3.24737 -2.01112 1.33023 
1.76771e+09 -3.23314 -2.01498 1.33032 -3.23805 -2.01372 1.33031 
1.76771e+09 -3.22364 -2.01764 1.33039 -3.2306 -2.0158 1.33037 
1.76771e+09 -3.21429 -2.02025 1.33047 -3.22128 -2.0184 1.33044 
1.76771e+09 -3.20491 -2.02286 1.33054 -3.21104 -2.02126 1.33052 
1.76771e+09 -3.19634 -2.02525 1.33061 -3.20266 -2.0236 1.33058 
1.76771e+09 -3.18623 -2.02807 1.33069 -3.19334 -2.02619 1.33066 
1.76771e+09 -3.17771 -2.03044 1.33075 -3.18497 -2.02853 1.33072 
1.76771e+09 -3.16841 -2.03303 1.33082 -3.17566 -2.03112 1.33079 
1.76771e+09 -3.15978 -2.03544 1.33089 -3.16635 -2.03371 1.33086 
1.76771e+09 -3.15058 -2.038 1.33096 -3.15704 -2.03631 1.33093 
1.76771e+09 -3.14163 -2.0405 1.33102 -3.14774 -2.0389 1.331 
1.76771e+09 -3.13242 -2.04306 1.33109 -3.13843 -2.04149 1.33107 
1.76771e+09 -3.12329 -2.0456 1.33116 -3.12913 -2.04408 1.33114 
1.76771e+09 -3.11397 -2.04819 1.33123 -3.11982 -2.04667 1.3312 
1.76771e+09 -3.10477 -2.05075 1.33129 -3.11051 -2.04926 1.33127 
1.76771e+09 -3.09579 -2.05325 1.33136 -3.10119 -2.05185 1.33134 
1.76771e+09 -3.08664 -2.05579 1.33142 -3.09374 -2.05392 1.33139 
1.76771e+09 -3.07638 -2.05865 1.33149 -3.08349 -2.05677 1.33146 
1.76771e+09 -3.06753 -2.0611 1.33155 -3.07417 -2.05935 1.33152 
1.76771e+09 -3.0589 -2.0635 1.33161 -3.06579 -2.06168 1.33158 
1.76771e+09 -3.0493 -2.06616 1.33168 -3.05554 -2.06453 1.33165 
1.76771e+09 -3.04082 -2.06852 1.33173 -3.04715 -2.06686 1.33171 
1.76771e+09 -3.03084 -2.07129 1.3318 -3.0369 -2.0697 1.33177 
1.76771e+09 -3.0218 -2.07379 1.33186 -3.02757 -2.07228 1.33183 
1.76771e+09 -3.01255 -2.07636 1.33191 -3.01825 -2.07487 1.33189 
1.76771e+09 -3.00341 -2.07889 1.33197 -3.00893 -2.07745 1.33195 
1.76771e+09 -2.99418 -2.08144 1.33203 -2.9996 -2.08003 1.33201 
1.76771e+09 -2.9841 -2.08423 1.33209 -2.99028 -2.08261 1.33207 
1.76771e+09 -2.97567 -2.08657 1.33214 -2.98095 -2.08519 1.33212 
1.76771e+09 -2.9673 -2.08888 1.33219 -2.97255 -2.08752 1.33217 
1.76771e+09 -2.9573 -2.09165 1.33225 -2.96228 -2.09036 1.33223 
1.76771e+09 -2.94839 -2.09411 1.3323 -2.95388 -2.09268 1.33228 
1.76771e+09 -2.93772 -2.09706 1.33236 -2.94361 -2.09551 1.33234 
1.76771e+09 -2.92973 -2.09926 1.3324 -2.93521 -2.09783 1.33239 
1.76771e+09 -2.92052 -2.1018 1.33245 -2.92587 -2.10041 1.33244 
1.76771e+09 -2.91185 -2.10419 1.3325 -2.91746 -2.10273 1.33248 
1.76771e+09 -2.90284 -2.10668 1.33255 -2.90812 -2.1053 1.33253 
1.76771e+09 -2.89288 -2.10942 1.3326 -2.89878 -2.10787 1.33258 
1.76771e+09 -2.88325 -2.11207 1.33265 -2.88945 -2.11045 1.33263 
1.76771e+09 -2.87485 -2.11439 1.33269 -2.88104 -2.11276 1.33267 
1.76771e+09 -2.86505 -2.11708 1.33274 -2.87077 -2.11559 1.33272 
1.76771e+09 -2.85646 -2.11944 1.33278 -2.86236 -2.1179 1.33276 
1.76771e+09 -2.84722 -2.12199 1.33282 -2.85302 -2.12046 1.3328 
1.76771e+09 -2.83748 -2.12466 1.33287 -2.84275 -2.12329 1.33285 
1.76771e+09 -2.82878 -2.12705 1.33291 -2.83434 -2.12559 1.33289 
1.76771e+09 -2.81894 -2.12975 1.33295 -2.82406 -2.12841 1.33293 
1.76771e+09 -2.81027 -2.13213 1.33298 -2.81565 -2.13072 1.33297 
1.76771e+09 -2.8003 -2.13486 1.33303 -2.80536 -2.13354 1.33301 
1.76771e+09 -2.79127 -2.13733 1.33306 -2.79601 -2.1361 1.33305 
1.76771e+09 -2.78262 -2.1397 1.3331 -2.78946 -2.13789 1.33308 
1.76771e+09 -2.77348 -2.1422 1.33313 -2.78011 -2.14045 1.33311 
1.76771e+09 -2.76375 -2.14486 1.33317 -2.77075 -2.14301 1.33315 
1.76771e+09 -2.75451 -2.14739 1.3332 -2.76139 -2.14557 1.33318 
1.76771e+09 -2.74573 -2.14978 1.33323 -2.75203 -2.14813 1.33321 
1.76771e+09 -2.73622 -2.15238 1.33326 -2.74266 -2.15068 1.33325 
1.76771e+09 -2.72739 -2.15479 1.33329 -2.73423 -2.15298 1.33327 
1.76771e+09 -2.71791 -2.15737 1.33332 -2.72393 -2.15579 1.33331 
1.76771e+09 -2.70855 -2.15992 1.33335 -2.71456 -2.15834 1.33334 
1.76771e+09 -2.69952 -2.16238 1.33338 -2.70518 -2.1609 1.33336 
1.76771e+09 -2.69048 -2.16484 1.3334 -2.69768 -2.16294 1.33339 
1.76771e+09 -2.68058 -2.16753 1.33343 -2.6883 -2.16549 1.33341 
1.76771e+09 -2.67162 -2.16997 1.33345 -2.67892 -2.16804 1.33344 
1.76771e+09 -2.66233 -2.17249 1.33348 -2.66953 -2.17059 1.33346 
1.76771e+09 -2.65288 -2.17506 1.3335 -2.6592 -2.17339 1.33349 
1.76771e+09 -2.6434 -2.17763 1.33352 -2.6498 -2.17594 1.33351 
1.76771e+09 -2.63428 -2.1801 1.33354 -2.6404 -2.17849 1.33353 
1.76771e+09 -2.62503 -2.18261 1.33356 -2.631 -2.18104 1.33355 
1.76771e+09 -2.61621 -2.18499 1.33358 -2.62253 -2.18333 1.33356 
1.76771e+09 -2.60654 -2.18761 1.33359 -2.61218 -2.18613 1.33358 
1.76771e+09 -2.59775 -2.18999 1.33361 -2.6037 -2.18842 1.3336 
1.76771e+09 -2.58837 -2.19252 1.33362 -2.59522 -2.19071 1.33361 
1.76771e+09 -2.57935 -2.19496 1.33364 -2.5858 -2.19326 1.33363 
1.76771e+09 -2.56944 -2.19763 1.33365 -2.57638 -2.1958 1.33364 
1.76771e+09 -2.55904 -2.20043 1.33366 -2.56696 -2.19834 1.33365 
1.76771e+09 -2.55093 -2.20262 1.33367 -2.55847 -2.20062 1.33366 
1.76771e+09 -2.54192 -2.20505 1.33368 -2.55093 -2.20266 1.33367 
1.76771e+09 -2.53286 -2.20748 1.33369 -2.5415 -2.20519 1.33368 
1.76771e+09 -2.52324 -2.21007 1.3337 -2.53208 -2.20773 1.33369 
1.76771e+09 -2.51438 -2.21245 1.33371 -2.52265 -2.21026 1.33369 
1.76771e+09 -2.50494 -2.21498 1.33371 -2.51321 -2.2128 1.3337 
1.76771e+09 -2.49559 -2.21749 1.33371 -2.50378 -2.21533 1.3337 
1.76771e+09 -2.48602 -2.22006 1.33372 -2.49434 -2.21786 1.33371 
1.76771e+09 -2.47617 -2.2227 1.33372 -2.4849 -2.22039 1.33371 
1.76771e+09 -2.46791 -2.22491 1.33372 -2.47546 -2.22292 1.33371 
1.76771e+09 -2.45862 -2.22739 1.33372 -2.466 -2.22545 1.33371 
1.76771e+09 -2.44923 -2.2299 1.33372 -2.45655 -2.22797 1.33371 
1.76771e+09 -2.43943 -2.23252 1.33372 -2.44803 -2.23025 1.33371 
1.76771e+09 -2.42974 -2.23511 1.33372 -2.43951 -2.23253 1.33371 
1.76771e+09 -2.42089 -2.23747 1.33371 -2.43193 -2.23455 1.33371 
1.76771e+09 -2.41193 -2.23986 1.33371 -2.42245 -2.23707 1.3337 
1.76771e+09 -2.40242 -2.24239 1.3337 -2.41297 -2.2396 1.3337 
1.76771e+09 -2.39303 -2.24489 1.33369 -2.40349 -2.24213 1.33369 
1.76771e+09 -2.38377 -2.24735 1.33368 -2.394 -2.24465 1.33368 
1.76771e+09 -2.37471 -2.24976 1.33367 -2.38451 -2.24717 1.33367 
1.76771e+09 -2.3653 -2.25226 1.33366 -2.37501 -2.2497 1.33366 
1.76771e+09 -2.35608 -2.2547 1.33365 -2.36551 -2.25222 1.33365 
1.76771e+09 -2.34679 -2.25717 1.33364 -2.35601 -2.25474 1.33364 
1.76771e+09 -2.33727 -2.25969 1.33363 -2.3465 -2.25726 1.33363 
1.76771e+09 -2.32823 -2.26209 1.33361 -2.33698 -2.25978 1.33361 
1.76771e+09 -2.3189 -2.26455 1.3336 -2.32747 -2.2623 1.3336 
1.76771e+09 -2.30936 -2.26708 1.33358 -2.31794 -2.26482 1.33358 
1.76771e+09 -2.30057 -2.2694 1.33356 -2.30936 -2.26708 1.33356 
1.76771e+09 -2.29124 -2.27186 1.33354 -2.29983 -2.2696 1.33354 
1.76771e+09 -2.28164 -2.27439 1.33352 -2.28933 -2.27237 1.33352 
1.76771e+09 -2.27233 -2.27685 1.3335 -2.27979 -2.27489 1.3335 
1.76771e+09 -2.26293 -2.27932 1.33348 -2.27025 -2.2774 1.33348 
1.76771e+09 -2.25352 -2.2818 1.33346 -2.26071 -2.27991 1.33346 
1.76771e+09 -2.24404 -2.28429 1.33344 -2.25116 -2.28242 1.33343 
1.76771e+09 -2.23507 -2.28665 1.33341 -2.24162 -2.28493 1.33341 
1.76771e+09 -2.2259 -2.28906 1.33339 -2.23209 -2.28743 1.33338 
1.76771e+09 -2.21642 -2.29154 1.33336 -2.22255 -2.28993 1.33336 
1.76771e+09 -2.20702 -2.29401 1.33333 -2.21398 -2.29218 1.33333 
1.76771e+09 -2.19748 -2.29651 1.3333 -2.2035 -2.29493 1.3333 
1.76771e+09 -2.18844 -2.29888 1.33327 -2.19683 -2.29667 1.33328 
1.76771e+09 -2.17908 -2.30132 1.33324 -2.18732 -2.29916 1.33325 
1.76771e+09 -2.16987 -2.30373 1.33321 -2.17781 -2.30165 1.33322 
1.76771e+09 -2.16049 -2.30618 1.33318 -2.16831 -2.30413 1.33318 
1.76771e+09 -2.15101 -2.30866 1.33315 -2.15881 -2.30661 1.33315 
1.76771e+09 -2.14054 -2.31139 1.33311 -2.15026 -2.30884 1.33312 
1.76771e+09 -2.13223 -2.31355 1.33308 -2.14172 -2.31107 1.33309 
1.76771e+09 -2.1228 -2.31601 1.33304 -2.13318 -2.31329 1.33306 
1.76771e+09 -2.1138 -2.31835 1.333 -2.12464 -2.31552 1.33302 
1.76771e+09 -2.10434 -2.32081 1.33296 -2.11516 -2.31798 1.33299 
1.76771e+09 -2.09512 -2.3232 1.33293 -2.10568 -2.32045 1.33295 
1.76771e+09 -2.08574 -2.32564 1.33289 -2.09619 -2.32291 1.33291 
1.76771e+09 -2.07669 -2.32799 1.33285 -2.08765 -2.32513 1.33287 
1.76771e+09 -2.06711 -2.33047 1.3328 -2.07721 -2.32784 1.33282 
1.76771e+09 -2.05776 -2.33289 1.33276 -2.06772 -2.3303 1.33278 
1.76771e+09 -2.04853 -2.33528 1.33272 -2.05822 -2.33276 1.33274 
1.76771e+09 -2.03917 -2.3377 1.33267 -2.04871 -2.33522 1.33269 
1.76771e+09 -2.02991 -2.34009 1.33263 -2.03919 -2.33768 1.33265 
1.76771e+09 -2.02064 -2.34249 1.33258 -2.02967 -2.34014 1.3326 
1.76771e+09 -2.01095 -2.34499 1.33253 -2.02014 -2.3426 1.33255 
1.76771e+09 -2.00185 -2.34733 1.33249 -2.01061 -2.34506 1.3325 
1.76771e+09 -1.99258 -2.34972 1.33244 -2.00107 -2.34751 1.33246 
1.76771e+09 -1.98331 -2.35211 1.33239 -1.99152 -2.34997 1.33241 
1.76771e+09 -1.97393 -2.35452 1.33234 -1.98197 -2.35243 1.33235 
1.76771e+09 -1.96449 -2.35695 1.33229 -1.97242 -2.35488 1.3323 
1.76771e+09 -1.95529 -2.35931 1.33224 -1.96287 -2.35734 1.33225 
1.76771e+09 -1.9437 -2.36229 1.33217 -1.95332 -2.35979 1.3322 
1.76771e+09 -1.93681 -2.36405 1.33213 -1.94759 -2.36126 1.33216 
1.76771e+09 -1.92759 -2.36642 1.33208 -1.93804 -2.36371 1.33211 
1.76771e+09 -1.91824 -2.36881 1.33202 -1.9285 -2.36615 1.33205 
1.76771e+09 -1.90808 -2.37141 1.33196 -1.918 -2.36884 1.33199 
1.76771e+09 -1.89981 -2.37353 1.33191 -1.90942 -2.37104 1.33194 
1.76771e+09 -1.88963 -2.37613 1.33185 -1.89893 -2.37372 1.33188 
1.76771e+09 -1.8809 -2.37835 1.33179 -1.89035 -2.37591 1.33182 
1.76771e+09 -1.8717 -2.3807 1.33173 -1.88082 -2.37834 1.33176 
1.76771e+09 -1.86257 -2.38303 1.33168 -1.87129 -2.38078 1.3317 
1.76771e+09 -1.85318 -2.38542 1.33162 -1.86175 -2.38321 1.33164 
1.76771e+09 -1.84369 -2.38784 1.33155 -1.85222 -2.38563 1.33158 
1.76771e+09 -1.83349 -2.39043 1.33149 -1.84173 -2.3883 1.33151 
1.76771e+09 -1.82512 -2.39256 1.33143 -1.83315 -2.39049 1.33145 
1.76771e+09 -1.81598 -2.39488 1.33137 -1.82362 -2.39291 1.33139 
1.76771e+09 -1.80667 -2.39725 1.3313 -1.81408 -2.39533 1.33132 
1.76771e+09 -1.7973 -2.39963 1.33124 -1.80454 -2.39775 1.33126 
1.76771e+09 -1.78713 -2.4022 1.33117 -1.79406 -2.40041 1.33119 
1.76771e+09 -1.77841 -2.40441 1.33111 -1.78548 -2.40258 1.33113 
1.76771e+09 -1.76904 -2.40678 1.33104 -1.77595 -2.40499 1.33106 
1.76771e+09 -1.75953 -2.40919 1.33097 -1.76643 -2.4074 1.33099 
1.76771e+09 -1.75047 -2.41148 1.3309 -1.75691 -2.40981 1.33092 
1.76771e+09 -1.74056 -2.41398 1.33083 -1.74645 -2.41245 1.33085 
1.76771e+09 -1.7319 -2.41617 1.33077 -1.73789 -2.41461 1.33078 
1.76771e+09 -1.72287 -2.41845 1.3307 -1.7284 -2.41701 1.33071 
1.76771e+09 -1.71353 -2.4208 1.33063 -1.7189 -2.4194 1.33064 
1.76771e+09 -1.70338 -2.42336 1.33055 -1.71037 -2.42156 1.33058 
1.76771e+09 -1.69413 -2.42569 1.33048 -1.70089 -2.42394 1.3305 
1.76771e+09 -1.68478 -2.42804 1.33041 -1.69141 -2.42633 1.33043 
1.76771e+09 -1.67518 -2.43045 1.33033 -1.68195 -2.42871 1.33036 
1.76771e+09 -1.66705 -2.43249 1.33027 -1.67343 -2.43085 1.33029 
1.76771e+09 -1.6576 -2.43486 1.33019 -1.66398 -2.43322 1.33022 
1.76771e+09 -1.64818 -2.43723 1.33012 -1.65453 -2.43559 1.33014 
1.76771e+09 -1.63867 -2.43961 1.33004 -1.64508 -2.43796 1.33007 
1.76771e+09 -1.62925 -2.44197 1.32996 -1.63753 -2.43985 1.33001 
1.76771e+09 -1.62015 -2.44425 1.32989 -1.62809 -2.44222 1.32993 
1.76771e+09 -1.61087 -2.44657 1.32981 -1.6196 -2.44434 1.32986 
1.76771e+09 -1.60138 -2.44895 1.32973 -1.60923 -2.44694 1.32977 
1.76771e+09 -1.59253 -2.45116 1.32966 -1.60074 -2.44906 1.3297 
1.76771e+09 -1.58287 -2.45357 1.32958 -1.59037 -2.45165 1.32962 
1.76771e+09 -1.57352 -2.4559 1.3295 -1.58095 -2.454 1.32954 
1.76771e+09 -1.56424 -2.45822 1.32942 -1.57152 -2.45636 1.32946 
1.76771e+09 -1.55485 -2.46056 1.32934 -1.5621 -2.45871 1.32938 
1.76771e+09 -1.54558 -2.46287 1.32926 -1.55267 -2.46105 1.3293 
1.76771e+09 -1.53639 -2.46515 1.32918 -1.54324 -2.4634 1.32922 
1.76771e+09 -1.52711 -2.46746 1.3291 -1.53381 -2.46575 1.32913 
1.76771e+09 -1.51781 -2.46978 1.32902 -1.52438 -2.4681 1.32905 
1.76771e+09 -1.50849 -2.47209 1.32894 -1.51494 -2.47044 1.32897 
1.76771e+09 -1.49981 -2.47425 1.32886 -1.50645 -2.47255 1.3289 
1.76771e+09 -1.48999 -2.47668 1.32878 -1.49607 -2.47513 1.3288 
1.76771e+09 -1.48127 -2.47885 1.3287 -1.48758 -2.47723 1.32873 
1.76771e+09 -1.47187 -2.48118 1.32861 -1.47814 -2.47957 1.32864 
1.76771e+09 -1.46264 -2.48346 1.32853 -1.46871 -2.48191 1.32856 
1.76771e+09 -1.45347 -2.48573 1.32845 -1.45927 -2.48425 1.32848 
1.76771e+09 -1.44415 -2.48804 1.32836 -1.45079 -2.48635 1.3284 
1.76771e+09 -1.43488 -2.49033 1.32828 -1.44136 -2.48868 1.32831 
1.76771e+09 -1.42524 -2.49272 1.32819 -1.43194 -2.49101 1.32823 
1.76771e+09 -1.41631 -2.49492 1.32811 -1.42252 -2.49334 1.32814 
1.76771e+09 -1.40681 -2.49726 1.32802 -1.4131 -2.49566 1.32806 
1.76771e+09 -1.39782 -2.49948 1.32794 -1.40369 -2.49798 1.32797 
1.76771e+09 -1.38845 -2.50179 1.32785 -1.39428 -2.5003 1.32788 
1.76771e+09 -1.37927 -2.50406 1.32777 -1.38488 -2.50262 1.3278 
1.76771e+09 -1.36994 -2.50636 1.32768 -1.37548 -2.50494 1.32771 
1.76771e+09 -1.36053 -2.50867 1.32759 -1.36608 -2.50725 1.32762 
1.76771e+09 -1.35156 -2.51088 1.32751 -1.35669 -2.50957 1.32753 
1.76771e+09 -1.34234 -2.51315 1.32742 -1.35669 -2.50957 1.32753 
1.76771e+09 -1.34234 -2.51315 1.32742 -1.33885 -2.51395 1.32737 
1.76771e+09 -1.33235 -2.5156 1.32733 -1.33885 -2.51395 1.32737 
1.76771e+09 -1.32379 -2.51771 1.32725 -1.3304 -2.51603 1.32729 
1.76771e+09 -1.31437 -2.52002 1.32716 -1.32102 -2.51833 1.3272 
1.76771e+09 -1.30492 -2.52234 1.32707 -1.3107 -2.52087 1.3271 
1.76771e+09 -1.29611 -2.5245 1.32698 -1.30226 -2.52294 1.32702 
1.76771e+09 -1.28621 -2.52693 1.32689 -1.29195 -2.52547 1.32692 
1.76771e+09 -1.2772 -2.52913 1.3268 -1.28257 -2.52776 1.32683 
1.76771e+09 -1.26821 -2.53134 1.32672 -1.27414 -2.52983 1.32675 
1.76771e+09 -1.25825 -2.53377 1.32662 -1.26383 -2.53236 1.32665 
1.76771e+09 -1.24956 -2.5359 1.32654 -1.25446 -2.53465 1.32656 
1.76771e+09 -1.24029 -2.53817 1.32645 -1.24509 -2.53694 1.32647 
1.76771e+09 -1.23102 -2.54043 1.32636 -1.23572 -2.53923 1.32638 
1.76771e+09 -1.22223 -2.54258 1.32627 -1.22729 -2.54129 1.3263 
1.76771e+09 -1.21294 -2.54485 1.32618 -1.21793 -2.54358 1.32621 
1.76771e+09 -1.20342 -2.54718 1.32609 -1.20763 -2.54609 1.32611 
1.76771e+09 -1.19421 -2.54942 1.326 -1.19828 -2.54838 1.32602 
1.76771e+09 -1.18493 -2.55169 1.32591 -1.18893 -2.55066 1.32593 
1.76771e+09 -1.17608 -2.55384 1.32583 -1.18052 -2.55271 1.32585 
1.76771e+09 -1.16662 -2.55615 1.32573 -1.17025 -2.55521 1.32575 
1.76771e+09 -1.1573 -2.55842 1.32564 -1.16091 -2.55749 1.32566 
1.76771e+09 -1.14804 -2.56068 1.32555 -1.15159 -2.55976 1.32557 
1.76771e+09 -1.13884 -2.56292 1.32546 -1.14507 -2.56135 1.3255 
1.76771e+09 -1.12955 -2.56518 1.32537 -1.13668 -2.56339 1.32542 
1.76771e+09 -1.11997 -2.56751 1.32528 -1.12738 -2.56565 1.32533 
1.76771e+09 -1.11163 -2.56953 1.3252 -1.11994 -2.56746 1.32526 
1.76771e+09 -1.10257 -2.57174 1.32511 -1.11064 -2.56972 1.32517 
1.76771e+09 -1.09315 -2.57403 1.32502 -1.10228 -2.57175 1.32509 
1.76771e+09 -1.08358 -2.57635 1.32492 -1.09299 -2.57401 1.325 
1.76771e+09 -1.07486 -2.57847 1.32484 -1.08371 -2.57626 1.3249 
1.76771e+09 -1.06553 -2.58073 1.32475 -1.08371 -2.57626 1.3249 
1.76771e+09 -1.0565 -2.58292 1.32466 -1.07443 -2.57852 1.32481 
1.76771e+09 -1.0565 -2.58292 1.32466 -1.05586 -2.58302 1.32463 
1.76771e+09 -1.04698 -2.58523 1.32456 -1.05586 -2.58302 1.32463 
1.76771e+09 -1.03835 -2.58732 1.32448 -1.0475 -2.58505 1.32455 
1.76771e+09 -1.02894 -2.5896 1.32439 -1.03728 -2.58753 1.32445 
1.76771e+09 -1.01963 -2.59186 1.3243 -1.02797 -2.58978 1.32436 
1.76771e+09 -1.01058 -2.59405 1.32421 -1.01866 -2.59204 1.32427 
1.76771e+09 -1.00122 -2.59632 1.32412 -1.01026 -2.59407 1.32418 
1.76771e+09 -0.992203 -2.5985 1.32403 -0.999985 -2.59656 1.32408 
1.76771e+09 -0.983005 -2.60073 1.32394 -0.990629 -2.59883 1.32399 
1.76771e+09 -0.973813 -2.60295 1.32385 -0.98126 -2.60109 1.3239 
1.76771e+09 -0.964696 -2.60516 1.32377 -0.971883 -2.60336 1.32381 
1.76771e+09 -0.950746 -2.60853 1.32363 -0.963437 -2.6054 1.32373 
1.76771e+09 -0.945902 -2.6097 1.32358 -0.958744 -2.60654 1.32368 
1.76771e+09 -0.93735 -2.61177 1.3235 -0.949355 -2.60881 1.32359 
1.76771e+09 -0.928168 -2.61399 1.32341 -0.939968 -2.61108 1.3235 
1.76771e+09 -0.918927 -2.61622 1.32332 -0.930583 -2.61334 1.32341 
1.76771e+09 -0.909834 -2.61841 1.32324 -0.921203 -2.61561 1.32332 
1.76771e+09 -0.90041 -2.62069 1.32315 -0.911828 -2.61787 1.32323 
1.76771e+09 -0.890938 -2.62298 1.32306 -0.902458 -2.62014 1.32313 
1.76771e+09 -0.882723 -2.62496 1.32298 -0.894029 -2.62217 1.32305 
1.76771e+09 -0.872909 -2.62733 1.32288 -0.883728 -2.62466 1.32295 
1.76771e+09 -0.863581 -2.62958 1.3228 -0.875301 -2.62669 1.32287 
1.76771e+09 -0.855338 -2.63156 1.32272 -0.866873 -2.62872 1.32279 
1.76771e+09 -0.845101 -2.63403 1.32262 -0.866873 -2.62872 1.32279 
1.76771e+09 -0.837032 -2.63598 1.32254 -0.857505 -2.63098 1.3227 
1.76771e+09 -0.827939 -2.63817 1.32246 -0.849072 -2.63302 1.32262 
1.76771e+09 -0.827939 -2.63817 1.32246 -0.829379 -2.63776 1.32244 
1.76771e+09 -0.818102 -2.64054 1.32237 -0.829379 -2.63776 1.32244 
1.76771e+09 -0.809473 -2.64262 1.32229 -0.820932 -2.6398 1.32236 
1.76771e+09 -0.799697 -2.64498 1.32219 -0.810601 -2.64229 1.32226 
1.76771e+09 -0.790772 -2.64713 1.32211 -0.801202 -2.64455 1.32218 
1.76771e+09 -0.781573 -2.64934 1.32203 -0.791793 -2.64682 1.32209 
1.76771e+09 -0.773264 -2.65134 1.32195 -0.783319 -2.64886 1.32201 
1.76771e+09 -0.763829 -2.65362 1.32186 -0.773895 -2.65113 1.32192 
1.76771e+09 -0.754037 -2.65598 1.32177 -0.763522 -2.65363 1.32183 
1.76771e+09 -0.744741 -2.65821 1.32169 -0.754087 -2.6559 1.32174 
1.76771e+09 -0.736059 -2.6603 1.32161 -0.744651 -2.65817 1.32165 
1.76771e+09 -0.727002 -2.66248 1.32153 -0.735216 -2.66045 1.32157 
1.76771e+09 -0.71842 -2.66455 1.32145 -0.726729 -2.66249 1.32149 
1.76771e+09 -0.708395 -2.66696 1.32136 -0.716364 -2.66498 1.3214 
1.76771e+09 -0.700093 -2.66896 1.32128 -0.707892 -2.66702 1.32132 
1.76771e+09 -0.690866 -2.67118 1.3212 -0.698491 -2.66929 1.32124 
1.76771e+09 -0.682192 -2.67327 1.32112 -0.69098 -2.67109 1.32117 
1.76771e+09 -0.672399 -2.67563 1.32103 -0.681605 -2.67335 1.32109 
1.76771e+09 -0.663909 -2.67767 1.32096 -0.67318 -2.67538 1.32101 
1.76771e+09 -0.654822 -2.67986 1.32088 -0.663834 -2.67763 1.32093 
1.76771e+09 -0.645685 -2.68205 1.3208 -0.654502 -2.67987 1.32085 
1.76771e+09 -0.636512 -2.68426 1.32072 -0.645185 -2.68211 1.32077 
1.76771e+09 -0.627102 -2.68653 1.32064 -0.63588 -2.68435 1.32069 
1.76771e+09 -0.618494 -2.6886 1.32056 -0.626586 -2.68659 1.32061 
1.76771e+09 -0.609445 -2.69077 1.32048 -0.617302 -2.68882 1.32053 
1.76771e+09 -0.600244 -2.69299 1.3204 -0.608026 -2.69106 1.32045 
1.76771e+09 -0.591353 -2.69513 1.32033 -0.598756 -2.69329 1.32037 
1.76771e+09 -0.582165 -2.69734 1.32025 -0.589493 -2.69552 1.32029 
1.76771e+09 -0.573185 -2.6995 1.32017 -0.589493 -2.69552 1.32029 
1.76771e+09 -0.573185 -2.6995 1.32017 -0.570982 -2.69997 1.32013 
1.76771e+09 -0.563725 -2.70178 1.32009 -0.570982 -2.69997 1.32013 
1.76771e+09 -0.555065 -2.70386 1.32002 -0.561734 -2.7022 1.32005 
1.76771e+09 -0.546073 -2.70603 1.31995 -0.55249 -2.70442 1.31998 
1.76771e+09 -0.536605 -2.70831 1.31987 -0.543251 -2.70665 1.3199 
1.76771e+09 -0.527926 -2.7104 1.3198 -0.534016 -2.70887 1.31982 
1.76771e+09 -0.518838 -2.71258 1.31972 -0.524785 -2.71109 1.31975 
1.76771e+09 -0.509385 -2.71486 1.31964 -0.51648 -2.71309 1.31968 
1.76771e+09 -0.500204 -2.71707 1.31957 -0.507256 -2.71531 1.31961 
1.76771e+09 -0.491263 -2.71922 1.3195 -0.498035 -2.71754 1.31953 
1.76771e+09 -0.482524 -2.72133 1.31943 -0.488818 -2.71976 1.31946 
1.76771e+09 -0.473576 -2.72349 1.31935 -0.479606 -2.72197 1.31938 
1.76771e+09 -0.464491 -2.72567 1.31928 -0.470398 -2.72419 1.31931 
1.76771e+09 -0.453913 -2.72822 1.3192 -0.462114 -2.72619 1.31924 
1.76771e+09 -0.446666 -2.72997 1.31914 -0.454755 -2.72796 1.31919 
1.76771e+09 -0.436672 -2.73238 1.31906 -0.445559 -2.73018 1.31912 
1.76771e+09 -0.42769 -2.73455 1.31899 -0.445559 -2.73018 1.31912 
1.76771e+09 -0.42769 -2.73455 1.31899 -0.429938 -2.73395 1.31899 
1.76771e+09 -0.418961 -2.73665 1.31893 -0.429938 -2.73395 1.31899 
1.76771e+09 -0.409981 -2.73882 1.31886 -0.429938 -2.73395 1.31899 
1.76771e+09 -0.409981 -2.73882 1.31886 -0.411576 -2.73838 1.31885 
1.76771e+09 -0.400767 -2.74104 1.31879 -0.411576 -2.73838 1.31885 
1.76771e+09 -0.391657 -2.74324 1.31872 -0.411576 -2.73838 1.31885 
1.76771e+09 -0.38296 -2.74534 1.31865 -0.403315 -2.74037 1.31879 
1.76771e+09 -0.373906 -2.74752 1.31858 -0.394136 -2.74258 1.31872 
1.76771e+09 -0.364845 -2.74971 1.31852 -0.384954 -2.7448 1.31865 
1.76771e+09 -0.355828 -2.75189 1.31845 -0.375765 -2.74702 1.31858 
1.76771e+09 -0.346548 -2.75413 1.31838 -0.366566 -2.74924 1.31851 
1.76771e+09 -0.337799 -2.75624 1.31832 -0.357353 -2.75146 1.31844 
1.76771e+09 -0.328766 -2.75843 1.31825 -0.348122 -2.7537 1.31838 
1.76771e+09 -0.328766 -2.75843 1.31825 -0.331448 -2.75772 1.31825 
1.76771e+09 -0.320286 -2.76048 1.31819 -0.331448 -2.75772 1.31825 
1.76771e+09 -0.310104 -2.76294 1.31812 -0.331448 -2.75772 1.31825 
1.76771e+09 -0.310104 -2.76294 1.31812 -0.311887 -2.76246 1.31811 
1.76771e+09 -0.300871 -2.76517 1.31805 -0.311887 -2.76246 1.31811 
1.76771e+09 -0.293103 -2.76705 1.318 -0.303466 -2.76449 1.31805 
1.76771e+09 -0.283528 -2.76937 1.31793 -0.295024 -2.76654 1.31799 
1.76771e+09 -0.274509 -2.77155 1.31787 -0.28562 -2.76881 1.31792 
1.76771e+09 -0.265357 -2.77377 1.3178 -0.276195 -2.77109 1.31786 
1.76771e+09 -0.256275 -2.77597 1.31774 -0.266754 -2.77338 1.31779 
1.76771e+09 -0.247484 -2.7781 1.31768 -0.257302 -2.77567 1.31772 
1.76771e+09 -0.238493 -2.78028 1.31762 -0.248791 -2.77774 1.31766 
1.76771e+09 -0.229272 -2.78252 1.31756 -0.238389 -2.78026 1.31759 
1.76771e+09 -0.220488 -2.78465 1.3175 -0.229883 -2.78232 1.31753 
1.76771e+09 -0.211022 -2.78694 1.31744 -0.219498 -2.78484 1.31746 
1.76771e+09 -0.202357 -2.78905 1.31738 -0.210072 -2.78713 1.3174 
1.76771e+09 -0.193337 -2.79124 1.31732 -0.201603 -2.78918 1.31734 
1.76771e+09 -0.184354 -2.79342 1.31726 -0.193148 -2.79124 1.31728 
1.76771e+09 -0.175339 -2.79561 1.3172 -0.184709 -2.79329 1.31723 
1.76771e+09 -0.166955 -2.79765 1.31715 -0.17722 -2.79511 1.31718 
1.76771e+09 -0.157748 -2.79989 1.31709 -0.167876 -2.79738 1.31712 
1.76771e+09 -0.148151 -2.80222 1.31703 -0.158549 -2.79965 1.31706 
1.76771e+09 -0.139811 -2.80425 1.31698 -0.149239 -2.80192 1.317 
1.76771e+09 -0.130393 -2.80655 1.31692 -0.139944 -2.80418 1.31694 
1.76771e+09 -0.121468 -2.80872 1.31687 -0.130662 -2.80644 1.31688 
1.76771e+09 -0.112711 -2.81086 1.31681 -0.121391 -2.8087 1.31683 
1.76771e+09 -0.103698 -2.81306 1.31676 -0.112131 -2.81096 1.31677 
1.76771e+09 -0.0947421 -2.81524 1.31671 -0.102878 -2.81321 1.31672 
1.76771e+09 -0.0856556 -2.81746 1.31665 -0.0936335 -2.81547 1.31666 
1.76771e+09 -0.0767548 -2.81963 1.3166 -0.0843951 -2.81772 1.31661 
1.76771e+09 -0.0677251 -2.82184 1.31655 -0.0751627 -2.81998 1.31656 
1.76771e+09 -0.0578296 -2.82426 1.31649 -0.0650137 -2.82246 1.3165 
1.76771e+09 -0.0495551 -2.82628 1.31644 -0.057637 -2.82426 1.31646 
1.76771e+09 -0.0405989 -2.82847 1.31639 -0.0484211 -2.82652 1.3164 
1.76771e+09 -0.0316619 -2.83066 1.31634 -0.0401318 -2.82855 1.31636 
1.76771e+09 -0.0226103 -2.83288 1.31629 -0.0309271 -2.8308 1.31631 
1.76771e+09 -0.0136452 -2.83507 1.31624 -0.0217281 -2.83305 1.31626 
1.76771e+09 -0.00452196 -2.83731 1.31619 -0.0125346 -2.83531 1.31621 
1.76771e+09 0.0046757 -2.83956 1.31614 -0.00334608 -2.83756 1.31616 
1.76771e+09 0.0135417 -2.84174 1.31609 0.00583831 -2.83981 1.31611 
1.76771e+09 0.0227623 -2.844 1.31604 0.0150195 -2.84207 1.31606 
1.76771e+09 0.0316238 -2.84618 1.316 0.0241987 -2.84432 1.31601 
1.76771e+09 0.0408552 -2.84845 1.31595 0.0333769 -2.84658 1.31596 
1.76771e+09 0.0495402 -2.85059 1.3159 0.0425552 -2.84883 1.31591 
1.76771e+09 0.0585646 -2.85281 1.31585 0.0517345 -2.85109 1.31587 
1.76771e+09 0.0676358 -2.85504 1.31581 0.0609155 -2.85335 1.31582 
1.76771e+09 0.076639 -2.85726 1.31576 0.0700988 -2.85561 1.31578 
1.76771e+09 0.085665 -2.85948 1.31572 0.0792845 -2.85788 1.31573 
1.76771e+09 0.0947463 -2.86172 1.31567 0.0884725 -2.86014 1.31568 
1.76771e+09 0.104114 -2.86404 1.31562 0.0976625 -2.86241 1.31564 
1.76771e+09 0.112746 -2.86617 1.31558 0.106854 -2.86468 1.31559 
1.76771e+09 0.121841 -2.86842 1.31554 0.116047 -2.86695 1.31555 
1.76771e+09 0.131538 -2.87081 1.31549 0.12524 -2.86922 1.31551 
1.76771e+09 0.139944 -2.87289 1.31545 0.133514 -2.87127 1.31547 
1.76771e+09 0.149178 -2.87518 1.31541 0.143626 -2.87377 1.31542 
1.76771e+09 0.158974 -2.8776 1.31536 0.153737 -2.87628 1.31537 
1.76771e+09 0.166988 -2.87959 1.31532 0.162009 -2.87833 1.31533 
1.76771e+09 0.176084 -2.88185 1.31528 0.171198 -2.8806 1.31529 
1.76771e+09 0.185307 -2.88414 1.31524 0.180387 -2.88288 1.31525 
1.76771e+09 0.194546 -2.88643 1.3152 0.189575 -2.88517 1.31521 
1.76771e+09 0.203321 -2.88861 1.31516 0.198762 -2.88745 1.31517 
1.76771e+09 0.212302 -2.89084 1.31512 0.207949 -2.88973 1.31513 
1.76771e+09 0.221489 -2.89313 1.31508 0.217134 -2.89202 1.31509 
1.76771e+09 0.230882 -2.89547 1.31504 0.226319 -2.8943 1.31505 
1.76771e+09 0.240034 -2.89775 1.315 0.235504 -2.89659 1.31501 
1.76771e+09 0.248539 -2.89987 1.31496 0.244687 -2.89888 1.31497 
1.76771e+09 0.257782 -2.90218 1.31492 0.25387 -2.90117 1.31493 
1.76771e+09 0.266731 -2.90441 1.31488 0.263051 -2.90346 1.31489 
1.76771e+09 0.275779 -2.90667 1.31485 0.272231 -2.90576 1.31486 
1.76771e+09 0.284775 -2.90892 1.31481 0.281409 -2.90805 1.31482 
1.76771e+09 0.293892 -2.9112 1.31477 0.290586 -2.91035 1.31478 
1.76771e+09 0.303036 -2.91349 1.31474 0.299761 -2.91264 1.31474 
1.76771e+09 0.312037 -2.91574 1.3147 0.308934 -2.91494 1.31471 
1.76771e+09 0.321083 -2.91801 1.31466 0.318106 -2.91724 1.31467 
1.76771e+09 0.330208 -2.9203 1.31463 0.327277 -2.91954 1.31464 
1.76771e+09 0.339898 -2.92273 1.31459 0.334613 -2.92138 1.31461 
1.76771e+09 0.34901 -2.92502 1.31455 0.343781 -2.92368 1.31457 
1.76771e+09 0.358083 -2.9273 1.31452 0.352948 -2.92599 1.31454 
1.76771e+09 0.367191 -2.9296 1.31448 0.362115 -2.92829 1.3145 
1.76771e+09 0.376321 -2.93189 1.31445 0.371281 -2.9306 1.31447 
1.76771e+09 0.385413 -2.93419 1.31442 0.380447 -2.93291 1.31443 
1.76771e+09 0.394523 -2.93648 1.31438 0.389615 -2.93522 1.3144 
1.76771e+09 0.403421 -2.93873 1.31435 0.397867 -2.9373 1.31437 
1.76771e+09 0.412714 -2.94107 1.31432 0.40704 -2.93962 1.31434 
1.76771e+09 0.421933 -2.9434 1.31428 0.417134 -2.94217 1.3143 
1.76771e+09 0.430586 -2.94559 1.31425 0.42448 -2.94402 1.31427 
1.76771e+09 0.439452 -2.94784 1.31422 0.432748 -2.94612 1.31424 
1.76771e+09 0.448579 -2.95015 1.31419 0.441941 -2.94844 1.31421 
1.76771e+09 0.457683 -2.95246 1.31416 0.451142 -2.95077 1.31418 
1.76771e+09 0.467079 -2.95484 1.31412 0.46035 -2.95311 1.31415 
1.76771e+09 0.476279 -2.95718 1.31409 0.469566 -2.95545 1.31412 
1.76771e+09 0.48646 -2.95976 1.31406 0.47879 -2.95779 1.31408 
1.76771e+09 0.494601 -2.96183 1.31403 0.487099 -2.9599 1.31406 
1.76771e+09 0.503455 -2.96409 1.314 0.495416 -2.96202 1.31403 
1.76771e+09 0.513148 -2.96655 1.31397 0.504664 -2.96437 1.314 
1.76771e+09 0.522011 -2.96881 1.31394 0.513922 -2.96673 1.31397 
1.76771e+09 0.531092 -2.97113 1.31391 0.523188 -2.96909 1.31394 
1.76771e+09 0.540212 -2.97346 1.31388 0.532465 -2.97146 1.31391 
1.76771e+09 0.549474 -2.97582 1.31385 0.541751 -2.97383 1.31388 
1.76771e+09 0.559163 -2.9783 1.31382 0.551047 -2.97621 1.31385 
1.76771e+09 0.567631 -2.98047 1.31379 0.560354 -2.97859 1.31382 
1.76771e+09 0.576956 -2.98285 1.31376 0.569671 -2.98097 1.31379 
1.76771e+09 0.585766 -2.98511 1.31374 0.578065 -2.98312 1.31376 
1.76771e+09 0.594998 -2.98748 1.31371 0.578065 -2.98312 1.31376 
1.76771e+09 0.604993 -2.99004 1.31368 0.587402 -2.98551 1.31373 
1.76771e+09 0.604993 -2.99004 1.31368 0.606104 -2.99031 1.31368 
1.76771e+09 0.614271 -2.99243 1.31365 0.606104 -2.99031 1.31368 
1.76771e+09 0.623318 -2.99475 1.31362 0.614533 -2.99248 1.31365 
1.76771e+09 0.631847 -2.99695 1.3136 0.622969 -2.99465 1.31363 
1.76771e+09 0.641153 -2.99934 1.31357 0.632352 -2.99706 1.3136 
1.76771e+09 0.650584 -3.00177 1.31354 0.641746 -2.99948 1.31357 
1.76771e+09 0.659555 -3.00409 1.31351 0.651152 -3.00191 1.31354 
1.76771e+09 0.66871 -3.00645 1.31349 0.660571 -3.00434 1.31351 
1.76771e+09 0.677948 -3.00883 1.31346 0.670003 -3.00677 1.31349 
1.76771e+09 0.687479 -3.0113 1.31343 0.679448 -3.00921 1.31346 
1.76771e+09 0.696823 -3.01372 1.31341 0.688904 -3.01166 1.31343 
1.76771e+09 0.70574 -3.01602 1.31338 0.69837 -3.01411 1.3134 
1.76771e+09 0.71478 -3.01837 1.31335 0.707844 -3.01656 1.31338 
1.76771e+09 0.724114 -3.02079 1.31333 0.717325 -3.01902 1.31335 
1.76771e+09 0.733481 -3.02322 1.3133 0.725861 -3.02124 1.31332 
1.76771e+09 0.742834 -3.02565 1.31328 0.736296 -3.02395 1.31329 
1.76771e+09 0.75182 -3.02798 1.31325 0.745784 -3.02641 1.31327 
1.76771e+09 0.76117 -3.03042 1.31323 0.75527 -3.02888 1.31324 
1.76771e+09 0.770507 -3.03285 1.3132 0.764755 -3.03135 1.31321 
1.76771e+09 0.779861 -3.03528 1.31317 0.774236 -3.03382 1.31319 
1.76771e+09 0.789259 -3.03774 1.31315 0.783715 -3.03629 1.31316 
1.76771e+09 0.798102 -3.04004 1.31312 0.793191 -3.03876 1.31314 
1.76771e+09 0.807378 -3.04247 1.3131 0.802663 -3.04124 1.31311 
1.76771e+09 0.816687 -3.0449 1.31307 0.811186 -3.04347 1.31309 
1.76771e+09 0.826106 -3.04736 1.31305 0.8216 -3.04619 1.31306 
1.76771e+09 0.835672 -3.04987 1.31302 0.831065 -3.04867 1.31303 
1.76771e+09 0.844548 -3.0522 1.313 0.840528 -3.05115 1.31301 
1.76771e+09 0.854536 -3.05482 1.31297 0.849988 -3.05363 1.31298 
1.76771e+09 0.86335 -3.05713 1.31295 0.859446 -3.05611 1.31296 
1.76771e+09 0.872571 -3.05955 1.31293 0.868902 -3.05859 1.31293 
1.76771e+09 0.882366 -3.06213 1.3129 0.878357 -3.06108 1.31291 
1.76771e+09 0.891568 -3.06455 1.31288 0.887809 -3.06356 1.31288 
1.76771e+09 0.900553 -3.06691 1.31285 0.897258 -3.06605 1.31286 
1.76771e+09 0.909895 -3.06937 1.31283 0.906706 -3.06854 1.31284 
1.76771e+09 0.91938 -3.07188 1.3128 0.916152 -3.07103 1.31281 
1.76771e+09 0.928924 -3.0744 1.31278 0.925596 -3.07353 1.31279 
1.76771e+09 0.938081 -3.07681 1.31276 0.935039 -3.07602 1.31276 
1.76771e+09 0.947469 -3.0793 1.31273 0.944481 -3.07851 1.31274 
1.76771e+09 0.956697 -3.08174 1.31271 0.953922 -3.08101 1.31271 
1.76771e+09 0.965907 -3.08418 1.31268 0.963363 -3.08351 1.31269 
1.76771e+09 0.976 -3.08685 1.31266 0.972804 -3.08601 1.31267 
1.76771e+09 0.98474 -3.08917 1.31264 0.982246 -3.08852 1.31264 
1.76771e+09 0.9941 -3.09165 1.31261 0.991689 -3.09102 1.31262 
1.76771e+09 1.00361 -3.09418 1.31259 1.00113 -3.09353 1.31259 
1.76771e+09 1.01321 -3.09673 1.31256 1.01058 -3.09604 1.31257 
1.76771e+09 1.02278 -3.09928 1.31254 1.02003 -3.09856 1.31255 
1.76771e+09 1.03167 -3.10164 1.31251 1.02948 -3.10107 1.31252 
1.76771e+09 1.04187 -3.10436 1.31249 1.03799 -3.10334 1.3125 
1.76771e+09 1.05122 -3.10685 1.31246 1.04745 -3.10586 1.31248 
1.76771e+09 1.05998 -3.10919 1.31244 1.05502 -3.10788 1.31246 
1.76771e+09 1.07003 -3.11188 1.31242 1.06448 -3.11041 1.31243 
1.76771e+09 1.07886 -3.11424 1.31239 1.073 -3.11268 1.31241 
1.76771e+09 1.08881 -3.1169 1.31237 1.08342 -3.11547 1.31238 
1.76771e+09 1.09756 -3.11924 1.31235 1.091 -3.1175 1.31236 
1.76771e+09 1.10776 -3.12197 1.31232 1.10238 -3.12054 1.31234 
1.76771e+09 1.11719 -3.1245 1.31229 1.11187 -3.12309 1.31231 
1.76771e+09 1.12599 -3.12686 1.31227 1.12042 -3.12538 1.31229 
1.76771e+09 1.13611 -3.12958 1.31225 1.13088 -3.12819 1.31226 
1.76771e+09 1.14518 -3.13201 1.31222 1.1385 -3.13023 1.31224 
1.76771e+09 1.15447 -3.13451 1.3122 1.14803 -3.13279 1.31222 
1.76771e+09 1.16385 -3.13703 1.31217 1.15757 -3.13536 1.31219 
1.76771e+09 1.17335 -3.13959 1.31215 1.16713 -3.13793 1.31217 
1.76771e+09 1.18414 -3.1425 1.31212 1.17574 -3.14025 1.31215 
1.76771e+09 1.19233 -3.14471 1.3121 1.17958 -3.14129 1.31214 
1.76771e+09 1.20268 -3.1475 1.31207 1.18916 -3.14387 1.31211 
1.76771e+09 1.21176 -3.14995 1.31205 1.19684 -3.14594 1.31209 
1.76771e+09 1.22145 -3.15257 1.31202 1.20742 -3.1488 1.31206 
1.76771e+09 1.20742 -3.1488 1.31206 1.21705 -3.1514 1.31204 
1.76771e+09 1.20742 -3.1488 1.31206 1.22669 -3.15401 1.312 
1.76771e+09 1.20918 -3.14927 1.31206 1.23634 -3.15662 1.31193 
1.76771e+09 1.21894 -3.15191 1.31203 1.24599 -3.15923 1.31181 
1.76771e+09 1.22841 -3.15447 1.31201 1.25465 -3.16158 1.31164 
1.76771e+09 1.23822 -3.15712 1.31198 1.26515 -3.16443 1.31137 
1.76771e+09 1.24777 -3.15969 1.31196 1.27456 -3.16698 1.31106 
1.76771e+09 1.25744 -3.1623 1.31193 1.28379 -3.16949 1.31068 
1.76771e+09 1.26704 -3.16489 1.3119 1.29282 -3.17194 1.31024 
1.76771e+09 1.27678 -3.16751 1.31188 1.30162 -3.17432 1.30975 
1.76771e+09 1.28627 -3.17005 1.31186 1.31019 -3.17665 1.30923 
1.76771e+09 1.29601 -3.17267 1.31183 1.31856 -3.17892 1.30868 
1.76771e+09 1.30623 -3.1754 1.3118 1.32675 -3.18114 1.30812 
1.76771e+09 1.31532 -3.17783 1.31178 1.33481 -3.18332 1.30755 
1.76771e+09 1.32496 -3.1804 1.31176 1.3428 -3.18548 1.307 
1.76771e+09 1.33481 -3.18303 1.31173 1.35078 -3.18764 1.30648 
1.76771e+09 1.34389 -3.18544 1.31171 1.35799 -3.18958 1.30604 
1.76771e+09 1.35405 -3.18813 1.31169 1.36688 -3.19197 1.30555 
1.76771e+09 1.36385 -3.19071 1.31166 1.37509 -3.19417 1.30515 
1.76771e+09 1.37339 -3.19323 1.31164 1.38342 -3.19641 1.3048 
1.76771e+09 1.38306 -3.19577 1.31162 1.39189 -3.19867 1.30451 
1.76771e+09 1.39279 -3.19831 1.3116 1.4005 -3.20096 1.30427 
1.76771e+09 1.40253 -3.20086 1.31158 1.40922 -3.20328 1.30408 
1.76771e+09 1.41237 -3.20341 1.31156 1.41806 -3.20561 1.30394 
1.76771e+09 1.42219 -3.20596 1.31154 1.42698 -3.20796 1.30384 
1.76771e+09 1.43183 -3.20845 1.31152 1.43598 -3.21032 1.3038 
1.76771e+09 1.44177 -3.211 1.3115 1.44505 -3.21268 1.30379 
1.76771e+09 1.4515 -3.21349 1.31148 1.45417 -3.21505 1.30382 
1.76771e+09 1.46078 -3.21586 1.31146 1.46242 -3.21718 1.30387 
1.76771e+09 1.47115 -3.21849 1.31144 1.47256 -3.21979 1.30398 
1.76771e+09 1.48092 -3.22096 1.31142 1.48185 -3.22216 1.30409 
1.76771e+09 1.49084 -3.22346 1.3114 1.49119 -3.22453 1.30423 
1.76771e+09 1.50072 -3.22593 1.31139 1.50061 -3.22691 1.30438 
1.76771e+09 1.51112 -3.22853 1.31137 1.51011 -3.2293 1.30454 
1.76771e+09 1.52002 -3.23073 1.31136 1.51873 -3.23145 1.3047 
1.76771e+09 1.53059 -3.23334 1.31134 1.52936 -3.23409 1.30489 
1.76771e+09 1.54036 -3.23574 1.31133 1.53911 -3.2365 1.30506 
1.76771e+09 1.55039 -3.23819 1.31131 1.54895 -3.23891 1.30524 
1.76771e+09 1.56017 -3.24056 1.3113 1.55687 -3.24084 1.30538 
1.76771e+09 1.57011 -3.24296 1.31129 1.56684 -3.24326 1.30555 
1.76771e+09 1.58021 -3.24538 1.31128 1.57687 -3.24568 1.30572 
1.76771e+09 1.59012 -3.24775 1.31126 1.58695 -3.24809 1.30589 
1.76771e+09 1.60029 -3.25016 1.31125 1.59708 -3.2505 1.30605 
1.76771e+09 1.61076 -3.25263 1.31124 1.60725 -3.25291 1.30621 
1.76771e+09 1.62061 -3.25493 1.31124 1.61642 -3.25506 1.30634 
1.76771e+09 1.63063 -3.25727 1.31123 1.6246 -3.25697 1.30647 
1.76771e+09 1.64061 -3.25958 1.31122 1.63381 -3.25911 1.3066 
1.76771e+09 1.65072 -3.2619 1.31121 1.64305 -3.26124 1.30673 
1.76771e+09 1.66109 -3.26426 1.31121 1.65333 -3.26359 1.30687 
1.76771e+09 1.67108 -3.26653 1.3112 1.66363 -3.26593 1.307 
1.76771e+09 1.68131 -3.26883 1.3112 1.67396 -3.26826 1.30714 
1.76771e+09 1.69154 -3.27112 1.31119 1.68431 -3.27058 1.30727 
1.76771e+09 1.70219 -3.27348 1.31119 1.69261 -3.27243 1.30737 
1.76771e+09 1.71236 -3.27572 1.31119 1.70301 -3.27472 1.30749 
1.76771e+09 1.72334 -3.27812 1.31119 1.71345 -3.27701 1.30761 
1.76771e+09 1.73259 -3.28013 1.31119 1.72392 -3.27928 1.30772 
1.76771e+09 1.74376 -3.28253 1.31119 1.73337 -3.28132 1.30782 
1.76771e+09 1.75368 -3.28465 1.31119 1.7439 -3.28357 1.30793 
1.76771e+09 1.76468 -3.28699 1.31119 1.75446 -3.28582 1.30804 
1.76771e+09 1.77453 -3.28906 1.31119 1.76506 -3.28804 1.30814 
1.76771e+09 1.78515 -3.29127 1.3112 1.77462 -3.29004 1.30824 
1.76771e+09 1.796 -3.29352 1.3112 1.7842 -3.29202 1.30833 
1.76771e+09 1.80575 -3.29552 1.31121 1.79274 -3.29378 1.3084 
1.76771e+09 1.8163 -3.29767 1.31121 1.80237 -3.29574 1.30849 
1.76771e+09 1.82685 -3.2998 1.31122 1.8131 -3.29791 1.30858 
1.76771e+09 1.83754 -3.30194 1.31123 1.82385 -3.30007 1.30868 
1.76771e+09 1.84808 -3.30403 1.31124 1.83463 -3.30221 1.30877 
1.76771e+09 1.85856 -3.30609 1.31125 1.84544 -3.30434 1.30885 
1.76771e+09 1.86943 -3.30821 1.31126 1.85628 -3.30645 1.30894 
1.76771e+09 1.87984 -3.31023 1.31127 1.86715 -3.30856 1.30903 
1.76771e+09 1.89047 -3.31226 1.31128 1.87805 -3.31064 1.30911 
1.76771e+09 1.90123 -3.31431 1.31129 1.88899 -3.31272 1.3092 
1.76771e+09 1.91201 -3.31633 1.31131 1.89997 -3.31478 1.30928 
1.76771e+09 1.92282 -3.31835 1.31132 1.91098 -3.31683 1.30936 
1.76771e+09 1.9336 -3.32034 1.31134 1.92203 -3.31886 1.30944 
1.76771e+09 1.94427 -3.32229 1.31136 1.93311 -3.32088 1.30951 
1.76771e+09 1.95531 -3.32429 1.31138 1.94423 -3.32289 1.30959 
1.76771e+09 1.96598 -3.3262 1.3114 1.95537 -3.32489 1.30967 
1.76771e+09 1.977 -3.32816 1.31142 1.96656 -3.32687 1.30974 
1.76771e+09 1.98779 -3.33005 1.31144 1.97776 -3.32883 1.30982 
1.76771e+09 1.9987 -3.33195 1.31146 1.989 -3.33078 1.30989 
1.76771e+09 2.00964 -3.33384 1.31148 2.00026 -3.33272 1.30996 
1.76771e+09 2.02059 -3.33571 1.31151 2.01154 -3.33463 1.31003 
1.76771e+09 2.032 -3.33763 1.31153 2.02285 -3.33654 1.3101 
1.76771e+09 2.04288 -3.33945 1.31156 2.03417 -3.33842 1.31017 
1.76771e+09 2.05408 -3.3413 1.31159 2.04552 -3.34029 1.31024 
1.76771e+09 2.06506 -3.3431 1.31162 2.05688 -3.34215 1.31031 
1.76771e+09 2.07585 -3.34484 1.31164 2.06713 -3.3438 1.31038 
1.76771e+09 2.08725 -3.34667 1.31167 2.07967 -3.34581 1.31045 
1.76771e+09 2.09823 -3.34841 1.31171 2.09109 -3.34761 1.31052 
1.76771e+09 2.1107 -3.35036 1.31174 2.10252 -3.3494 1.31059 
1.76771e+09 2.1206 -3.35189 1.31177 2.11398 -3.35117 1.31066 
1.76771e+09 2.13189 -3.35362 1.31181 2.12545 -3.35292 1.31073 
1.76771e+09 2.14325 -3.35534 1.31184 2.13694 -3.35466 1.3108 
1.76771e+09 2.15447 -3.35702 1.31188 2.14845 -3.35638 1.31087 
1.76771e+09 2.1663 -3.35878 1.31192 2.15882 -3.35791 1.31093 
1.76771e+09 2.17705 -3.36035 1.31195 2.1692 -3.35943 1.31099 
1.76771e+09 2.18869 -3.36203 1.31199 2.18076 -3.3611 1.31106 
1.76771e+09 2.20058 -3.36373 1.31204 2.19117 -3.36259 1.31112 
1.76771e+09 2.21231 -3.36539 1.31208 2.20276 -3.36423 1.31119 
1.76771e+09 2.22286 -3.36686 1.31212 2.21436 -3.36585 1.31126 
1.76771e+09 2.23448 -3.36846 1.31216 2.22598 -3.36746 1.31133 
1.76771e+09 2.2459 -3.37001 1.31221 2.23762 -3.36905 1.3114 
1.76771e+09 2.25728 -3.37155 1.31225 2.24927 -3.37062 1.31148 
1.76771e+09 2.26888 -3.37309 1.3123 2.25861 -3.37186 1.31153 
1.76771e+09 2.28061 -3.37463 1.31235 2.27148 -3.37356 1.31161 
1.76771e+09 2.29151 -3.37604 1.31239 2.28085 -3.37478 1.31167 
1.76771e+09 2.30359 -3.37758 1.31245 2.29141 -3.37614 1.31173 
1.76771e+09 2.31534 -3.37907 1.3125 2.30318 -3.37763 1.31181 
1.76771e+09 2.3267 -3.38049 1.31255 2.31497 -3.37911 1.31188 
1.76771e+09 2.3384 -3.38193 1.3126 2.32678 -3.38057 1.31195 
1.76771e+09 2.35008 -3.38334 1.31265 2.33863 -3.38202 1.31203 
1.76771e+09 2.36215 -3.38479 1.31271 2.35051 -3.38345 1.3121 
1.76771e+09 2.37349 -3.38613 1.31276 2.36241 -3.38486 1.31218 
1.76771e+09 2.38528 -3.38751 1.31282 2.37435 -3.38626 1.31226 
1.76771e+09 2.39725 -3.38888 1.31288 2.38632 -3.38765 1.31233 
1.76771e+09 2.40907 -3.39023 1.31294 2.39832 -3.38901 1.31241 
1.76771e+09 2.42084 -3.39154 1.313 2.41036 -3.39037 1.31248 
1.76771e+09 2.43267 -3.39285 1.31306 2.42242 -3.3917 1.31256 
1.76771e+09 2.44433 -3.39412 1.31312 2.43452 -3.39302 1.31264 
1.76771e+09 2.45662 -3.39544 1.31319 2.44543 -3.3942 1.31271 
1.76771e+09 2.46858 -3.3967 1.31325 2.45759 -3.39549 1.31279 
1.76771e+09 2.48065 -3.39796 1.31332 2.46977 -3.39676 1.31287 
1.76771e+09 2.49208 -3.39913 1.31338 2.48075 -3.39789 1.31294 
1.76771e+09 2.50386 -3.40032 1.31345 2.49298 -3.39914 1.31302 
1.76771e+09 2.51644 -3.40158 1.31352 2.50646 -3.40049 1.31311 
1.76771e+09 2.52845 -3.40276 1.31359 2.51874 -3.4017 1.31319 
1.76771e+09 2.54009 -3.40388 1.31365 2.52981 -3.40277 1.31326 
1.76771e+09 2.55216 -3.40503 1.31372 2.54089 -3.40383 1.31334 
1.76771e+09 2.56595 -3.40633 1.31381 2.55446 -3.40511 1.31343 
1.76771e+09 2.57667 -3.40731 1.31387 2.56682 -3.40625 1.31351 
1.76771e+09 2.58906 -3.40844 1.31395 2.57795 -3.40727 1.31359 
1.76771e+09 2.60167 -3.40957 1.31402 2.59035 -3.40839 1.31367 
1.76771e+09 2.61341 -3.4106 1.3141 2.60276 -3.40948 1.31376 
1.76771e+09 2.62491 -3.41159 1.31417 2.61395 -3.41046 1.31383 
1.76771e+09 2.63774 -3.41269 1.31425 2.62764 -3.41163 1.31393 
1.76771e+09 2.64987 -3.4137 1.31433 2.6401 -3.41268 1.31402 
1.76771e+09 2.66115 -3.41463 1.3144 2.65134 -3.41361 1.3141 
1.76771e+09 2.67363 -3.41564 1.31449 2.66384 -3.41463 1.31419 
1.76771e+09 2.68741 -3.41674 1.31458 2.67761 -3.41573 1.31429 
1.76771e+09 2.69889 -3.41763 1.31466 2.69014 -3.41671 1.31438 
1.76771e+09 2.71127 -3.41859 1.31474 2.70269 -3.41768 1.31447 
1.76771e+09 2.72336 -3.4195 1.31482 2.71274 -3.41844 1.31454 
1.76771e+09 2.73511 -3.42037 1.3149 2.72532 -3.41938 1.31463 
1.76771e+09 2.74732 -3.42126 1.31499 2.73791 -3.42031 1.31473 
1.76771e+09 2.75978 -3.42215 1.31508 2.75051 -3.42121 1.31482 
1.76771e+09 2.77215 -3.42302 1.31516 2.76312 -3.42211 1.31492 
1.76771e+09 2.78453 -3.42388 1.31525 2.77575 -3.42298 1.31501 
1.76771e+09 2.79703 -3.42472 1.31534 2.78839 -3.42384 1.31511 
1.76771e+09 2.8105 -3.42561 1.31544 2.79977 -3.4246 1.3152 
1.76771e+09 2.82228 -3.42638 1.31553 2.81242 -3.42543 1.31529 
1.76771e+09 2.83495 -3.42719 1.31562 2.82382 -3.42617 1.31538 
1.76771e+09 2.84684 -3.42793 1.31571 2.83523 -3.42689 1.31547 
1.76771e+09 2.85893 -3.42867 1.3158 2.84792 -3.42767 1.31557 
1.76771e+09 2.87282 -3.42951 1.31591 2.86188 -3.42852 1.31568 
1.76771e+09 2.88509 -3.43023 1.316 2.87459 -3.42927 1.31579 
1.76771e+09 2.89731 -3.43093 1.3161 2.88731 -3.43001 1.31589 
1.76771e+09 2.90913 -3.4316 1.31619 2.89877 -3.43067 1.31598 
1.76771e+09 2.92133 -3.43227 1.31628 2.91151 -3.43138 1.31608 
1.76771e+09 2.93534 -3.43303 1.3164 2.92554 -3.43214 1.3162 
1.76771e+09 2.9466 -3.43362 1.31649 2.93703 -3.43276 1.31629 
1.76771e+09 2.95993 -3.43431 1.31659 2.95109 -3.43349 1.31641 
1.76771e+09 2.9725 -3.43494 1.31669 2.96389 -3.43414 1.31652 
1.76771e+09 2.98449 -3.43554 1.31679 2.97542 -3.43471 1.31661 
1.76771e+09 2.99813 -3.43619 1.3169 2.98952 -3.4354 1.31673 
1.76771e+09 3.00976 -3.43674 1.317 2.99978 -3.43588 1.31682 
1.76771e+09 3.02313 -3.43735 1.31711 3.01134 -3.43642 1.31692 
1.76771e+09 3.03461 -3.43787 1.31721 3.0229 -3.43695 1.31702 
1.76771e+09 3.04904 -3.4385 1.31733 3.03575 -3.43752 1.31713 
1.76771e+09 3.05989 -3.43896 1.31742 3.03575 -3.43752 1.31713 
1.76771e+09 3.05989 -3.43896 1.31742 3.05376 -3.43829 1.31728 
1.76771e+09 3.0724 -3.43948 1.31752 3.05376 -3.43829 1.31728 
1.76771e+09 3.0851 -3.44 1.31763 3.06663 -3.43883 1.3174 
1.76771e+09 3.09846 -3.44052 1.31775 3.07822 -3.4393 1.3175 
1.76771e+09 3.11143 -3.44102 1.31786 3.0911 -3.43981 1.31761 
1.76771e+09 3.12437 -3.4415 1.31797 3.10399 -3.44031 1.31773 
1.76771e+09 3.13642 -3.44194 1.31808 3.1169 -3.4408 1.31784 
1.76771e+09 3.14914 -3.44238 1.31819 3.12982 -3.44127 1.31796 
1.76771e+09 3.16219 -3.44283 1.31831 3.14276 -3.44172 1.31808 
1.76771e+09 3.17351 -3.4432 1.31841 3.15443 -3.44212 1.31818 
1.76771e+09 3.18756 -3.44366 1.31853 3.16872 -3.4426 1.31831 
1.76771e+09 3.19984 -3.44404 1.31864 3.18174 -3.44302 1.31843 
1.76771e+09 3.21176 -3.4444 1.31875 3.19348 -3.44338 1.31854 
1.76771e+09 3.22532 -3.44479 1.31888 3.20787 -3.44382 1.31867 
1.76771e+09 3.23794 -3.44515 1.31899 3.22097 -3.44419 1.31879 
1.76771e+09 3.25144 -3.44552 1.31912 3.2341 -3.44456 1.31891 
1.76771e+09 3.2633 -3.44583 1.31923 3.24724 -3.44492 1.31903 
1.76771e+09 3.27605 -3.44615 1.31934 3.26041 -3.44526 1.31916 
1.76771e+09 3.28837 -3.44645 1.31946 3.27226 -3.44556 1.31927 
1.76771e+09 3.30048 -3.44674 1.31957 3.28544 -3.44587 1.31939 
1.76771e+09 3.31404 -3.44705 1.3197 3.29863 -3.44618 1.31951 
1.76771e+09 3.3259 -3.4473 1.31981 3.31182 -3.44648 1.31963 
1.76771e+09 3.33958 -3.44759 1.31994 3.32632 -3.44679 1.31977 
1.76771e+09 3.35259 -3.44785 1.32007 3.33951 -3.44705 1.3199 
1.76771e+09 3.36402 -3.44807 1.32018 3.35137 -3.44729 1.32001 
1.76771e+09 3.37824 -3.44833 1.32032 3.36585 -3.44756 1.32015 
1.76771e+09 3.39039 -3.44854 1.32043 3.37901 -3.44779 1.32027 
1.76771e+09 3.4021 -3.44873 1.32055 3.38953 -3.44797 1.32037 
1.76771e+09 3.41591 -3.44895 1.32068 3.4053 -3.44823 1.32053 
1.76771e+09 3.42869 -3.44913 1.32081 3.41843 -3.44843 1.32066 
1.76771e+09 3.44209 -3.44932 1.32094 3.43154 -3.44861 1.32079 
1.76771e+09 3.45392 -3.44948 1.32106 3.44465 -3.44879 1.32092 
1.76771e+09 3.46656 -3.44963 1.32118 3.45773 -3.44896 1.32105 
1.76771e+09 3.47924 -3.44978 1.32131 3.4708 -3.44912 1.32118 
1.76771e+09 3.49191 -3.44992 1.32144 3.48385 -3.44926 1.32131 
1.76771e+09 3.50465 -3.45004 1.32156 3.49558 -3.44938 1.32143 
1.76771e+09 3.51723 -3.45016 1.32169 3.50989 -3.44952 1.32157 
1.76771e+09 3.52994 -3.45027 1.32182 3.52289 -3.44964 1.3217 
1.76771e+09 3.54256 -3.45037 1.32195 3.53586 -3.44974 1.32184 
1.76771e+09 3.55552 -3.45046 1.32208 3.5488 -3.44984 1.32197 
1.76771e+09 3.56827 -3.45054 1.32221 3.56173 -3.44993 1.3221 
1.76771e+09 3.58048 -3.4506 1.32234 3.57463 -3.45 1.32223 
1.76771e+09 3.59258 -3.45066 1.32246 3.58622 -3.45006 1.32235 
1.76771e+09 3.60533 -3.45072 1.32259 3.59908 -3.45012 1.32249 
1.76771e+09 3.61821 -3.45076 1.32272 3.61192 -3.45017 1.32262 
1.76771e+09 3.63025 -3.45079 1.32285 3.62346 -3.45021 1.32274 
1.76771e+09 3.64278 -3.45082 1.32298 3.63626 -3.45024 1.32288 
1.76771e+09 3.65541 -3.45084 1.32311 3.64903 -3.45027 1.32301 
1.76771e+09 3.6686 -3.45085 1.32325 3.66052 -3.45028 1.32313 
1.76771e+09 3.68122 -3.45085 1.32338 3.67326 -3.45029 1.32327 
1.76771e+09 3.69317 -3.45085 1.32351 3.68598 -3.45029 1.3234 
1.76771e+09 3.70655 -3.45083 1.32365 3.69741 -3.45028 1.32353 
1.76771e+09 3.71915 -3.45081 1.32379 3.7101 -3.45027 1.32366 
1.76771e+09 3.73175 -3.45078 1.32392 3.72278 -3.45024 1.3238 
1.76771e+09 3.74417 -3.45074 1.32405 3.73544 -3.45021 1.32393 
1.76771e+09 3.75576 -3.4507 1.32418 3.74555 -3.45018 1.32404 
1.76771e+09 3.76924 -3.45064 1.32432 3.75945 -3.45013 1.32419 
1.76771e+09 3.78187 -3.45058 1.32446 3.77208 -3.45008 1.32433 
1.76771e+09 3.79341 -3.45052 1.32458 3.78343 -3.45003 1.32445 
1.76771e+09 3.80614 -3.45045 1.32472 3.79478 -3.44997 1.32458 
1.76771e+09 3.81902 -3.45036 1.32486 3.80738 -3.44989 1.32471 
1.76771e+09 3.83079 -3.45028 1.32499 3.81998 -3.44981 1.32485 
1.76771e+09 3.8432 -3.45019 1.32512 3.83257 -3.44973 1.32499 
1.76771e+09 3.85556 -3.45009 1.32526 3.84264 -3.44965 1.3251 
1.76771e+09 3.86847 -3.44998 1.3254 3.85647 -3.44954 1.32525 
1.76771e+09 3.88096 -3.44987 1.32554 3.86904 -3.44944 1.32539 
1.76771e+09 3.8931 -3.44975 1.32567 3.88161 -3.44932 1.32553 
1.76771e+09 3.90539 -3.44963 1.32581 3.89418 -3.44921 1.32567 
1.76771e+09 3.91779 -3.4495 1.32594 3.90673 -3.44908 1.32581 
1.76771e+09 3.9298 -3.44937 1.32608 3.91803 -3.44896 1.32593 
1.76771e+09 3.94341 -3.44921 1.32623 3.93183 -3.44881 1.32609 
1.76771e+09 3.95471 -3.44908 1.32635 3.94436 -3.44867 1.32623 
1.76771e+09 3.96708 -3.44893 1.32649 3.95689 -3.44852 1.32637 
1.76771e+09 3.97952 -3.44877 1.32663 3.96941 -3.44836 1.32651 
1.76771e+09 3.99199 -3.4486 1.32677 3.98192 -3.44821 1.32665 
1.76771e+09 4.00502 -3.44843 1.32691 3.99442 -3.44804 1.32679 
1.76771e+09 4.0153 -3.44828 1.32703 4.00316 -3.44792 1.32689 
1.76771e+09 4.02865 -3.44809 1.32718 4.01688 -3.44773 1.32704 
1.76771e+09 4.03968 -3.44793 1.3273 4.0281 -3.44757 1.32717 
1.76771e+09 4.05269 -3.44773 1.32745 4.0393 -3.44741 1.3273 
1.76771e+09 4.06505 -3.44754 1.32759 4.05172 -3.44722 1.32744 
1.76771e+09 4.07671 -3.44736 1.32772 4.06413 -3.44703 1.32758 
1.76771e+09 4.0889 -3.44716 1.32786 4.07652 -3.44683 1.32772 
1.76771e+09 4.10103 -3.44696 1.328 4.08888 -3.44663 1.32786 
1.76771e+09 4.113 -3.44676 1.32813 4.10123 -3.44643 1.328 
1.76771e+09 4.12528 -3.44654 1.32827 4.11356 -3.44622 1.32814 
1.76771e+09 4.13707 -3.44634 1.32841 4.12586 -3.44601 1.32828 
1.76771e+09 4.14905 -3.44613 1.32854 4.13815 -3.4458 1.32842 
1.76771e+09 4.16113 -3.44591 1.32868 4.14919 -3.44561 1.32854 
1.76771e+09 4.17259 -3.4457 1.32881 4.16022 -3.44541 1.32867 
1.76771e+09 4.1854 -3.44546 1.32896 4.17368 -3.44516 1.32883 
1.76771e+09 4.19716 -3.44524 1.32909 4.18589 -3.44493 1.32897 
1.76771e+09 4.20904 -3.44501 1.32923 4.19808 -3.44471 1.32911 
1.76771e+09 4.22095 -3.44478 1.32937 4.21024 -3.44447 1.32925 
1.76771e+09 4.23284 -3.44455 1.3295 4.22117 -3.44426 1.32937 
1.76771e+09 4.24474 -3.44431 1.32964 4.23451 -3.444 1.32952 
1.76771e+09 4.25635 -3.44408 1.32977 4.2466 -3.44376 1.32966 
1.76771e+09 4.2682 -3.44384 1.32991 4.25867 -3.44352 1.3298 
1.76771e+09 4.27891 -3.44362 1.33003 4.26951 -3.4433 1.32993 
1.76771e+09 4.29166 -3.44335 1.33018 4.28273 -3.44304 1.33008 
1.76771e+09 4.30356 -3.44311 1.33032 4.29352 -3.44281 1.33021 
1.76771e+09 4.31499 -3.44287 1.33045 4.30668 -3.44254 1.33036 
1.76771e+09 4.32637 -3.44263 1.33058 4.31504 -3.44237 1.33046 
1.76771e+09 4.33769 -3.44239 1.33071 4.32457 -3.44217 1.33057 
1.76771e+09 4.35001 -3.44212 1.33086 4.33764 -3.44189 1.33072 
1.76771e+09 4.36047 -3.4419 1.33098 4.34831 -3.44167 1.33084 
1.76771e+09 4.37312 -3.44163 1.33112 4.36132 -3.44139 1.33099 
1.76771e+09 4.38511 -3.44137 1.33126 4.37194 -3.44116 1.33112 
1.76771e+09 4.39519 -3.44115 1.33138 4.38253 -3.44093 1.33124 
1.76771e+09 4.407 -3.44089 1.33152 4.39428 -3.44068 1.33137 
1.76771e+09 4.41855 -3.44063 1.33165 4.406 -3.44042 1.33151 
1.76771e+09 4.43036 -3.44037 1.33179 4.41769 -3.44017 1.33165 
1.76771e+09 4.44118 -3.44013 1.33191 4.42819 -3.43994 1.33177 
1.76771e+09 4.45263 -3.43988 1.33205 4.43983 -3.43968 1.3319 
1.76771e+09 4.46396 -3.43963 1.33218 4.45145 -3.43943 1.33204 
1.76771e+09 4.47509 -3.43938 1.33231 4.46189 -3.4392 1.33216 
1.76771e+09 4.48664 -3.43913 1.33244 4.47462 -3.43892 1.33231 
1.76771e+09 4.49819 -3.43887 1.33258 4.48502 -3.43869 1.33243 
1.76771e+09 4.50936 -3.43862 1.33271 4.49656 -3.43844 1.33256 
1.76771e+09 4.52064 -3.43837 1.33284 4.50807 -3.43819 1.3327 
1.76771e+09 4.5344 -3.43807 1.333 4.51955 -3.43793 1.33283 
1.76771e+09 4.54291 -3.43788 1.3331 4.52873 -3.43773 1.33294 
1.76771e+09 4.55405 -3.43764 1.33323 4.54017 -3.43748 1.33307 
1.76771e+09 4.56529 -3.43739 1.33336 4.55159 -3.43723 1.3332 
1.76771e+09 4.57614 -3.43715 1.33348 4.56071 -3.43704 1.33331 
1.76771e+09 4.58808 -3.43689 1.33362 4.57209 -3.43679 1.33344 
1.76771e+09 4.59826 -3.43667 1.33374 4.58344 -3.43654 1.33357 
1.76771e+09 4.6093 -3.43643 1.33387 4.59476 -3.4363 1.3337 
1.76771e+09 4.62034 -3.43619 1.33399 4.60607 -3.43606 1.33383 
1.76771e+09 4.63145 -3.43596 1.33412 4.61734 -3.43582 1.33396 
1.76771e+09 4.64294 -3.43571 1.33426 4.62859 -3.43558 1.33409 
1.76771e+09 4.65319 -3.4355 1.33437 4.63982 -3.43535 1.33422 
1.76771e+09 4.66396 -3.43527 1.3345 4.65103 -3.43511 1.33435 
1.76771e+09 4.67497 -3.43504 1.33463 4.66221 -3.43488 1.33448 
1.76771e+09 4.68616 -3.43481 1.33476 4.67225 -3.43468 1.3346 
1.76771e+09 4.69727 -3.43459 1.33488 4.68339 -3.43445 1.33473 
1.76771e+09 4.70732 -3.43438 1.335 4.6945 -3.43423 1.33486 
1.76771e+09 4.71799 -3.43417 1.33512 4.70559 -3.43401 1.33498 
1.76771e+09 4.72876 -3.43396 1.33525 4.71665 -3.43379 1.33511 
1.76771e+09 4.73936 -3.43375 1.33537 4.72658 -3.4336 1.33523 
1.76771e+09 4.75032 -3.43354 1.33549 4.73868 -3.43336 1.33537 
1.76771e+09 4.76064 -3.43334 1.33561 4.74965 -3.43316 1.33549 
1.76771e+09 4.77129 -3.43314 1.33573 4.76059 -3.43295 1.33562 
1.76771e+09 4.78184 -3.43295 1.33585 4.7715 -3.43275 1.33574 
1.76771e+09 4.79244 -3.43276 1.33598 4.78238 -3.43256 1.33587 
1.76771e+09 4.80323 -3.43256 1.3361 4.79323 -3.43236 1.33599 
1.76771e+09 4.8135 -3.43238 1.33622 4.80404 -3.43217 1.33611 
1.76771e+09 4.82406 -3.4322 1.33634 4.81482 -3.43199 1.33624 
1.76771e+09 4.83417 -3.43203 1.33645 4.82342 -3.43184 1.33634 
1.76771e+09 4.84493 -3.43185 1.33657 4.83413 -3.43167 1.33646 
1.76771e+09 4.85597 -3.43167 1.3367 4.84375 -3.43151 1.33657 
1.76771e+09 4.86598 -3.43151 1.33681 4.8544 -3.43134 1.33669 
1.76771e+09 4.8762 -3.43136 1.33693 4.86502 -3.43118 1.33681 
1.76771e+09 4.88575 -3.43121 1.33703 4.87454 -3.43103 1.33691 
1.76771e+09 4.89716 -3.43105 1.33716 4.88615 -3.43086 1.33705 
1.76771e+09 4.90627 -3.43091 1.33726 4.89561 -3.43073 1.33715 
1.76771e+09 4.91652 -3.43077 1.33738 4.9061 -3.43058 1.33727 
1.76771e+09 4.92679 -3.43063 1.33749 4.91655 -3.43044 1.33739 
1.76771e+09 4.93763 -3.43049 1.33762 4.92801 -3.43029 1.33751 
1.76771e+09 4.94778 -3.43037 1.33773 4.9384 -3.43016 1.33763 
1.76771e+09 4.95802 -3.43024 1.33784 4.94876 -3.43003 1.33774 
1.76771e+09 4.96798 -3.43013 1.33795 4.95909 -3.42991 1.33786 
1.76771e+09 4.97825 -3.43001 1.33807 4.9694 -3.4298 1.33797 
1.76771e+09 4.98814 -3.42991 1.33818 4.97968 -3.42969 1.33809 
1.76771e+09 4.99823 -3.42981 1.33829 4.98993 -3.42959 1.3382 
1.76771e+09 5.00817 -3.42971 1.3384 5.00015 -3.42949 1.33831 
1.76771e+09 5.01853 -3.42962 1.33851 5.01035 -3.4294 1.33842 
1.76771e+09 5.02833 -3.42953 1.33862 5.02052 -3.42931 1.33853 
1.76771e+09 5.03806 -3.42946 1.33872 5.03066 -3.42923 1.33864 
1.76771e+09 5.04746 -3.42939 1.33883 5.03976 -3.42916 1.33874 
1.76771e+09 5.05806 -3.42931 1.33894 5.04984 -3.42909 1.33885 
1.76771e+09 5.06765 -3.42925 1.33905 5.0609 -3.42902 1.33897 
1.76771e+09 5.07757 -3.4292 1.33915 5.07092 -3.42897 1.33908 
1.76771e+09 5.08757 -3.42914 1.33926 5.08092 -3.42892 1.33919 
1.76771e+09 5.09706 -3.4291 1.33936 5.09088 -3.42887 1.3393 
1.76771e+09 5.10638 -3.42907 1.33946 5.09983 -3.42884 1.33939 
1.76771e+09 5.11654 -3.42903 1.33957 5.11073 -3.4288 1.33951 
1.76771e+09 5.12639 -3.42901 1.33968 5.12061 -3.42878 1.33961 
1.76771e+09 5.13528 -3.42899 1.33977 5.12948 -3.42876 1.33971 
1.76771e+09 5.14577 -3.42897 1.33988 5.14029 -3.42874 1.33982 
1.76771e+09 5.15503 -3.42897 1.33998 5.14912 -3.42874 1.33992 
1.76771e+09 5.16493 -3.42897 1.34009 5.15987 -3.42874 1.34003 
1.76771e+09 5.17457 -3.42897 1.34019 5.16963 -3.42875 1.34013 
1.76771e+09 5.18423 -3.42899 1.34029 5.17935 -3.42876 1.34023 
1.76771e+09 5.17935 -3.42876 1.34023 5.18905 -3.42878 1.34034 
1.76771e+09 5.17935 -3.42876 1.34023 5.19776 -3.4288 1.34042 
1.76771e+09 5.17935 -3.42876 1.34023 5.20837 -3.42884 1.34049 
1.76771e+09 5.18886 -3.42878 1.34033 5.21798 -3.42888 1.3405 
1.76771e+09 5.19855 -3.4288 1.34044 5.2275 -3.42893 1.34049 
1.76771e+09 5.20805 -3.42882 1.34053 5.23503 -3.42897 1.34044 
1.76771e+09 5.21772 -3.42884 1.34063 5.24428 -3.42903 1.34027 
1.76771e+09 5.22754 -3.42887 1.34074 5.2533 -3.42909 1.33998 
1.76771e+09 5.23706 -3.42891 1.34084 5.26205 -3.42915 1.33956 
1.76771e+09 5.24683 -3.42896 1.34094 5.27051 -3.42921 1.33901 
1.76771e+09 5.25652 -3.42901 1.34104 5.27868 -3.42927 1.33836 
1.76771e+09 5.26666 -3.42908 1.34114 5.28659 -3.42933 1.33763 
1.76771e+09 5.27603 -3.42916 1.34124 5.29428 -3.4294 1.33684 
1.76771e+09 5.28593 -3.42925 1.34134 5.30184 -3.42946 1.33602 
1.76771e+09 5.29588 -3.42935 1.34144 5.30933 -3.42953 1.33519 
1.76771e+09 5.30556 -3.42947 1.34154 5.31683 -3.42961 1.33438 
1.76771e+09 5.31558 -3.42961 1.34164 5.32443 -3.42969 1.33361 
1.76771e+09 5.32533 -3.42976 1.34173 5.33218 -3.42978 1.3329 
1.76771e+09 5.3353 -3.42994 1.34183 5.34013 -3.42989 1.33225 
1.76771e+09 5.3452 -3.43013 1.34193 5.34832 -3.43001 1.33168 
1.76771e+09 5.35517 -3.43034 1.34202 5.35674 -3.43015 1.3312 
1.76771e+09 5.36529 -3.43058 1.34212 5.36539 -3.43031 1.33079 
1.76771e+09 5.37515 -3.43084 1.34222 5.37425 -3.43049 1.33047 
1.76771e+09 5.38528 -3.43112 1.34231 5.38328 -3.43068 1.33024 
1.76771e+09 5.3955 -3.43143 1.34241 5.39247 -3.4309 1.33009 
1.76771e+09 5.40547 -3.43176 1.3425 5.40178 -3.43114 1.33002 
1.76771e+09 5.41667 -3.43216 1.3426 5.4112 -3.4314 1.33003 
1.76771e+09 5.42582 -3.43251 1.34268 5.4207 -3.43169 1.33012 
1.76771e+09 5.43608 -3.43293 1.34277 5.4303 -3.432 1.33027 
1.76771e+09 5.44637 -3.43337 1.34287 5.43998 -3.43234 1.33048 
1.76771e+09 5.45666 -3.43385 1.34296 5.44975 -3.43271 1.33073 
1.76771e+09 5.46782 -3.4344 1.34305 5.45963 -3.43311 1.33103 
1.76771e+09 5.47736 -3.43489 1.34313 5.46963 -3.43355 1.33136 
1.76771e+09 5.48782 -3.43546 1.34322 5.47976 -3.43402 1.33171 
1.76771e+09 5.49832 -3.43607 1.34331 5.49002 -3.43452 1.33208 
1.76771e+09 5.50863 -3.4367 1.34339 5.49833 -3.43496 1.33239 
1.76771e+09 5.51942 -3.43738 1.34348 5.50884 -3.43554 1.33277 
1.76771e+09 5.52999 -3.43809 1.34356 5.52055 -3.43622 1.33319 
1.76771e+09 5.54073 -3.43884 1.34364 5.53133 -3.43689 1.33357 
1.76771e+09 5.55143 -3.43962 1.34372 5.54003 -3.43745 1.33388 
1.76771e+09 5.56231 -3.44045 1.3438 5.551 -3.43819 1.33425 
1.76771e+09 5.57311 -3.44131 1.34388 5.56206 -3.43898 1.33462 
1.76771e+09 5.58391 -3.4422 1.34396 5.5732 -3.43982 1.33499 
1.76771e+09 5.59475 -3.44313 1.34404 5.58441 -3.4407 1.33535 
1.76771e+09 5.60624 -3.44415 1.34412 5.59568 -3.44162 1.3357 
1.76771e+09 5.61675 -3.44513 1.34419 5.607 -3.44259 1.33604 
1.76771e+09 5.62932 -3.44633 1.34427 5.61723 -3.44351 1.33634 
1.76771e+09 5.63908 -3.4473 1.34434 5.62865 -3.44457 1.33667 
1.76771e+09 5.65008 -3.44842 1.34441 5.64011 -3.44568 1.337 
1.76771e+09 5.66137 -3.44961 1.34448 5.65163 -3.44684 1.33731 
1.76771e+09 5.67281 -3.45085 1.34455 5.6632 -3.44805 1.33761 
1.76771e+09 5.68417 -3.45213 1.34461 5.67482 -3.44931 1.33791 
1.76771e+09 5.69551 -3.45343 1.34468 5.6865 -3.45062 1.33819 
1.76771e+09 5.70672 -3.45476 1.34474 5.69824 -3.45198 1.33847 
1.76771e+09 5.71834 -3.45618 1.34481 5.71003 -3.4534 1.33874 
1.76771e+09 5.72978 -3.45761 1.34487 5.72189 -3.45487 1.339 
1.76771e+09 5.74151 -3.45912 1.34493 5.7338 -3.45638 1.33925 
1.76771e+09 5.7531 -3.46064 1.34499 5.74576 -3.45795 1.33949 
1.76771e+09 5.76507 -3.46226 1.34505 5.75777 -3.45957 1.33973 
1.76771e+09 5.77679 -3.46388 1.3451 5.76983 -3.46124 1.33995 
1.76771e+09 5.78844 -3.46553 1.34516 5.78194 -3.46296 1.34017 
1.76771e+09 5.80144 -3.46741 1.34522 5.79408 -3.46473 1.34038 
1.76771e+09 5.8125 -3.46904 1.34526 5.80628 -3.46654 1.34059 
1.76771e+09 5.82431 -3.47083 1.34531 5.81851 -3.46841 1.34079 
1.76771e+09 5.83649 -3.4727 1.34536 5.83079 -3.47032 1.34098 
1.76771e+09 5.84875 -3.47463 1.34541 5.84064 -3.47189 1.34114 
1.76771e+09 5.86086 -3.47658 1.34545 5.853 -3.47389 1.34132 
1.76771e+09 5.87318 -3.47859 1.3455 5.853 -3.47389 1.34132 
1.76771e+09 5.88479 -3.48053 1.34554 5.8654 -3.47594 1.3415 
1.76771e+09 5.8978 -3.48274 1.34558 5.8766 -3.47782 1.34165 
1.76771e+09 5.91026 -3.48489 1.34562 5.89035 -3.48018 1.34184 
1.76771e+09 5.91026 -3.48489 1.34562 5.91551 -3.48462 1.34216 
1.76771e+09 5.92277 -3.48709 1.34566 5.91551 -3.48462 1.34216 
1.76771e+09 5.93762 -3.48975 1.3457 5.92818 -3.48692 1.34231 
1.76771e+09 5.9476 -3.49157 1.34573 5.93836 -3.48879 1.34243 
1.76771e+09 5.96046 -3.49395 1.34576 5.95115 -3.49118 1.34258 
1.76771e+09 5.9732 -3.49634 1.34579 5.96273 -3.49338 1.3427 
1.76771e+09 5.986 -3.49878 1.34582 5.97568 -3.49587 1.34283 
1.76771e+09 5.9988 -3.50126 1.34585 5.9887 -3.49842 1.34296 
1.76771e+09 6.01171 -3.50379 1.34587 6.0018 -3.50102 1.34308 
1.76771e+09 6.02474 -3.50639 1.3459 6.01499 -3.50368 1.34319 
1.76771e+09 6.03779 -3.50903 1.34592 6.02825 -3.50638 1.3433 
1.76771e+09 6.05107 -3.51175 1.34594 6.04158 -3.50914 1.3434 
1.76771e+09 6.06394 -3.51442 1.34596 6.05498 -3.51196 1.34349 
1.76771e+09 6.07842 -3.51747 1.34598 6.06709 -3.51453 1.34358 
1.76771e+09 6.09032 -3.52001 1.34599 6.07926 -3.51714 1.34365 
1.76771e+09 6.10348 -3.52285 1.346 6.09283 -3.52008 1.34374 
1.76771e+09 6.11734 -3.52588 1.34602 6.10645 -3.52308 1.34382 
1.76771e+09 6.13066 -3.52882 1.34603 6.12012 -3.52612 1.34389 
1.76771e+09 6.14352 -3.5317 1.34603 6.13385 -3.5292 1.34396 
1.76771e+09 6.15705 -3.53476 1.34604 6.14763 -3.53233 1.34403 
1.76771e+09 6.17061 -3.53786 1.34604 6.16147 -3.53551 1.3441 
1.76771e+09 6.18535 -3.54127 1.34604 6.17397 -3.53841 1.34415 
1.76771e+09 6.1981 -3.54425 1.34604 6.18791 -3.54167 1.34421 
1.76771e+09 6.21223 -3.54758 1.34604 6.20051 -3.54465 1.34426 
1.76771e+09 6.22614 -3.5509 1.34604 6.21456 -3.54801 1.34431 
1.76771e+09 6.24012 -3.55428 1.34603 6.22867 -3.55142 1.34436 
1.76771e+09 6.25361 -3.55756 1.34602 6.24142 -3.55452 1.3444 
1.76771e+09 6.26806 -3.56111 1.34601 6.25707 -3.55837 1.34444 
1.76771e+09 6.28182 -3.56452 1.346 6.27135 -3.56192 1.34448 
1.76771e+09 6.29595 -3.56806 1.34599 6.28569 -3.56551 1.34451 
1.76771e+09 6.30966 -3.57153 1.34597 6.29864 -3.56879 1.34454 
1.76771e+09 6.32408 -3.5752 1.34596 6.31309 -3.57247 1.34457 
1.76771e+09 6.3385 -3.5789 1.34594 6.32758 -3.5762 1.34459 
1.76771e+09 6.35324 -3.58273 1.34591 6.34213 -3.57997 1.34461 
1.76771e+09 6.36736 -3.58642 1.34589 6.35673 -3.58379 1.34463 
1.76771e+09 6.38314 -3.59058 1.34586 6.36845 -3.58688 1.34464 
1.76771e+09 6.3961 -3.59402 1.34584 6.38167 -3.59038 1.34465 
1.76771e+09 6.41111 -3.59804 1.34581 6.39493 -3.59392 1.34466 
1.76771e+09 6.42553 -3.60193 1.34578 6.40971 -3.5979 1.34466 
1.76771e+09 6.43988 -3.60582 1.34574 6.42454 -3.60192 1.34466 
1.76771e+09 6.45463 -3.60986 1.34571 6.43942 -3.60598 1.34466 
1.76771e+09 6.469 -3.61382 1.34567 6.45286 -3.60968 1.34466 
1.76771e+09 6.48423 -3.61805 1.34563 6.46934 -3.61424 1.34466 
1.76771e+09 6.49869 -3.62209 1.34559 6.48437 -3.61844 1.34465 
1.76771e+09 6.51404 -3.62641 1.34554 6.49794 -3.62225 1.34464 
1.76771e+09 6.52789 -3.63032 1.3455 6.51005 -3.62567 1.34462 
1.76771e+09 6.54383 -3.63487 1.34545 6.52523 -3.62999 1.34461 
1.76771e+09 6.55771 -3.63885 1.3454 6.54046 -3.63434 1.34458 
1.76771e+09 6.57368 -3.64345 1.34535 6.55728 -3.63919 1.34456 
1.76771e+09 6.58839 -3.64772 1.34529 6.57109 -3.64319 1.34453 
1.76771e+09 6.60274 -3.65191 1.34524 6.58494 -3.64723 1.3445 
1.76771e+09 6.61807 -3.65641 1.34518 6.60038 -3.65175 1.34447 
1.76771e+09 6.63289 -3.66078 1.34512 6.61587 -3.65632 1.34443 
1.76771e+09 6.6479 -3.66523 1.34506 6.63141 -3.66093 1.34439 
1.76771e+09 6.66311 -3.66977 1.34499 6.647 -3.66557 1.34434 
1.76771e+09 6.67887 -3.67449 1.34492 6.66263 -3.67026 1.3443 
1.76771e+09 6.69392 -3.67903 1.34486 6.67831 -3.67498 1.34425 
1.76771e+09 6.70891 -3.68357 1.34479 6.69403 -3.67974 1.34419 
1.76771e+09 6.72432 -3.68826 1.34471 6.70979 -3.68454 1.34413 
1.76771e+09 6.73968 -3.69296 1.34464 6.72558 -3.68937 1.34407 
1.76771e+09 6.75496 -3.69765 1.34456 6.74142 -3.69424 1.34401 
1.76771e+09 6.77055 -3.70246 1.34448 6.75728 -3.69914 1.34395 
1.76771e+09 6.78582 -3.7072 1.3444 6.77318 -3.70407 1.34388 
1.76771e+09 6.80142 -3.71206 1.34432 6.7891 -3.70903 1.3438 
1.76771e+09 6.81712 -3.71697 1.34423 6.80506 -3.71403 1.34373 
1.76771e+09 6.83261 -3.72183 1.34414 6.82103 -3.71905 1.34365 
1.76771e+09 6.84845 -3.72682 1.34405 6.83702 -3.72409 1.34357 
1.76771e+09 6.8636 -3.73162 1.34396 6.85304 -3.72917 1.34349 
1.76771e+09 6.87905 -3.73653 1.34387 6.86907 -3.73427 1.34341 
1.76771e+09 6.89467 -3.74151 1.34377 6.88511 -3.73939 1.34332 
1.76771e+09 6.91033 -3.74652 1.34367 6.90116 -3.74453 1.34323 
1.76771e+09 6.92629 -3.75165 1.34357 6.91722 -3.7497 1.34314 
1.76771e+09 6.94163 -3.7566 1.34347 6.93329 -3.75488 1.34305 
1.76771e+09 6.95733 -3.76168 1.34337 6.94936 -3.76008 1.34295 
1.76771e+09 6.97346 -3.76691 1.34326 6.96383 -3.76478 1.34286 
1.76771e+09 6.98901 -3.77198 1.34315 6.9767 -3.76897 1.34279 
1.76771e+09 7.00544 -3.77734 1.34304 6.99278 -3.77423 1.34268 
1.76771e+09 7.02236 -3.78289 1.34291 7.01047 -3.78002 1.34257 
1.76771e+09 7.03729 -3.78779 1.34281 7.02655 -3.78531 1.34247 
1.76771e+09 7.05298 -3.79296 1.34269 7.04263 -3.79061 1.34236 
1.76771e+09 7.06905 -3.79828 1.34257 7.05872 -3.79593 1.34225 
1.76771e+09 7.08466 -3.80345 1.34245 7.07319 -3.80073 1.34215 
1.76771e+09 7.10095 -3.80887 1.34232 7.09088 -3.80661 1.34202 
1.76771e+09 7.11631 -3.81398 1.3422 7.10697 -3.81197 1.34191 
1.76771e+09 7.13205 -3.81924 1.34207 7.12306 -3.81734 1.34179 
1.76771e+09 7.14688 -3.8242 1.34195 7.13593 -3.82165 1.34169 
1.76771e+09 7.16499 -3.83028 1.3418 7.1472 -3.82543 1.34161 
1.76771e+09 7.17882 -3.83493 1.34168 7.15847 -3.82921 1.34152 
1.76771e+09 7.19415 -3.8401 1.34155 7.17456 -3.83463 1.3414 
1.76771e+09 7.21137 -3.84591 1.3414 7.19228 -3.84061 1.34126 
1.76771e+09 7.22588 -3.85082 1.34128 7.20677 -3.84551 1.34114 
1.76771e+09 7.24334 -3.85674 1.34112 7.22449 -3.85151 1.34099 
1.76771e+09 7.2596 -3.86227 1.34097 7.2406 -3.85698 1.34086 
1.76771e+09 7.27471 -3.86741 1.34083 7.25672 -3.86246 1.34072 
1.76771e+09 7.28979 -3.87255 1.34069 7.27123 -3.8674 1.34059 
1.76771e+09 7.30504 -3.87775 1.34055 7.28737 -3.8729 1.34045 
1.76771e+09 7.32212 -3.88359 1.34039 7.30351 -3.87842 1.3403 
1.76771e+09 7.3366 -3.88855 1.34025 7.31805 -3.8834 1.34017 
1.76771e+09 7.35232 -3.89394 1.34009 7.33421 -3.88894 1.34002 
1.76771e+09 7.36819 -3.89939 1.33993 7.34877 -3.89393 1.33988 
1.76771e+09 7.38463 -3.90504 1.33977 7.36657 -3.90005 1.33971 
1.76771e+09 7.39974 -3.91024 1.33961 7.38276 -3.90562 1.33955 
1.76771e+09 7.41539 -3.91563 1.33945 7.39896 -3.9112 1.33939 
1.76771e+09 7.43113 -3.92106 1.33929 7.41515 -3.91679 1.33923 
1.76771e+09 7.447 -3.92654 1.33912 7.43135 -3.92238 1.33906 
1.76771e+09 7.46263 -3.93194 1.33895 7.44754 -3.92797 1.33889 
1.76771e+09 7.47855 -3.93745 1.33878 7.46371 -3.93357 1.33872 
1.76771e+09 7.4939 -3.94276 1.33861 7.47988 -3.93916 1.33855 
1.76771e+09 7.50959 -3.94819 1.33843 7.49603 -3.94476 1.33838 
1.76771e+09 7.52518 -3.95359 1.33826 7.51215 -3.95035 1.3382 
1.76771e+09 7.54143 -3.95923 1.33807 7.52504 -3.95481 1.33806 
1.76771e+09 7.55708 -3.96466 1.33789 7.54112 -3.96039 1.33788 
1.76771e+09 7.57315 -3.97023 1.3377 7.55717 -3.96596 1.3377 
1.76771e+09 7.58849 -3.97555 1.33752 7.56999 -3.97041 1.33755 
1.76771e+09 7.60386 -3.98089 1.33734 7.58598 -3.97597 1.33737 
1.76771e+09 7.6194 -3.98628 1.33715 7.60193 -3.98151 1.33719 
1.76771e+09 7.63513 -3.99174 1.33696 7.61785 -3.98704 1.337 
1.76771e+09 7.65185 -3.99755 1.33675 7.62739 -3.99035 1.33689 
1.76771e+09 7.66582 -4.00239 1.33657 7.64008 -3.99475 1.33673 
1.76771e+09 7.68102 -4.00767 1.33638 7.65591 -4.00025 1.33654 
1.76771e+09 7.69632 -4.01298 1.33618 7.6717 -4.00573 1.33635 
1.76771e+09 7.71158 -4.01827 1.33599 7.68745 -4.0112 1.33615 
1.76771e+09 7.72757 -4.02381 1.33578 7.70317 -4.01666 1.33595 
1.76771e+09 7.74223 -4.02889 1.33558 7.71886 -4.0221 1.33575 
1.76771e+09 7.75756 -4.03419 1.33538 7.73451 -4.02752 1.33554 
1.76771e+09 7.77159 -4.03905 1.33519 7.74857 -4.03239 1.33536 
1.76771e+09 7.78883 -4.04501 1.33495 7.76573 -4.03833 1.33513 
1.76771e+09 7.80285 -4.04985 1.33476 7.78129 -4.04371 1.33492 
1.76771e+09 7.81729 -4.05484 1.33456 7.79683 -4.04908 1.33471 
1.76771e+09 7.83224 -4.05999 1.33434 7.81233 -4.05443 1.3345 
1.76771e+09 7.84623 -4.0648 1.33414 7.82472 -4.0587 1.33432 
1.76771e+09 7.86109 -4.06991 1.33393 7.84016 -4.06402 1.33411 
1.76771e+09 7.87603 -4.07505 1.33371 7.85557 -4.06932 1.33389 
1.76771e+09 7.89059 -4.08004 1.3335 7.87094 -4.0746 1.33367 
1.76771e+09 7.90536 -4.0851 1.33328 7.88626 -4.07985 1.33345 
1.76771e+09 7.91998 -4.0901 1.33306 7.90154 -4.08508 1.33323 
1.76771e+09 7.93504 -4.09523 1.33283 7.91676 -4.09028 1.33301 
1.76771e+09 7.9491 -4.10002 1.33261 7.93193 -4.09546 1.33278 
1.76771e+09 7.96358 -4.10495 1.33239 7.94704 -4.1006 1.33255 
1.76771e+09 7.97802 -4.10985 1.33216 7.96208 -4.10571 1.33233 
1.76771e+09 7.9925 -4.11475 1.33193 7.97707 -4.11079 1.3321 
1.76771e+09 8.0068 -4.11958 1.3317 7.99199 -4.11584 1.33187 
1.76771e+09 8.02142 -4.12451 1.33147 8.00684 -4.12085 1.33164 
1.76771e+09 8.03524 -4.12915 1.33124 8.02162 -4.12583 1.3314 
1.76771e+09 8.04941 -4.1339 1.33101 8.03633 -4.13077 1.33117 
1.76771e+09 8.06364 -4.13866 1.33077 8.05097 -4.13567 1.33094 
1.76771e+09 8.07786 -4.1434 1.33053 8.06553 -4.14054 1.3307 
1.76771e+09 8.09155 -4.14796 1.3303 8.08002 -4.14536 1.33047 
1.76771e+09 8.10547 -4.15257 1.33006 8.09299 -4.14967 1.33025 
1.76771e+09 8.11938 -4.15716 1.32982 8.10733 -4.15441 1.33001 
1.76771e+09 8.13339 -4.16177 1.32957 8.12158 -4.15912 1.32977 
1.76771e+09 8.14695 -4.16623 1.32933 8.13576 -4.16377 1.32953 
1.76771e+09 8.16038 -4.17062 1.32909 8.14984 -4.16839 1.32929 
1.76771e+09 8.17398 -4.17504 1.32884 8.16384 -4.17296 1.32904 
1.76771e+09 8.1878 -4.17953 1.32859 8.17775 -4.17748 1.3288 
1.76771e+09 8.20107 -4.18381 1.32835 8.19158 -4.18195 1.32855 
1.76771e+09 8.21438 -4.18809 1.3281 8.20531 -4.18638 1.3283 
1.76771e+09 8.22786 -4.19241 1.32785 8.21896 -4.19076 1.32805 
1.76771e+09 8.24081 -4.19654 1.3276 8.23252 -4.19509 1.3278 
1.76771e+09 8.25386 -4.20067 1.32735 8.24599 -4.19937 1.32754 
1.76771e+09 8.26709 -4.20485 1.32709 8.25937 -4.20361 1.32729 
1.76771e+09 8.28023 -4.20897 1.32683 8.27134 -4.20737 1.32706 
1.76771e+09 8.29371 -4.21318 1.32657 8.28323 -4.2111 1.32683 
1.76771e+09 8.30547 -4.21683 1.32633 8.29374 -4.21437 1.32662 
1.76771e+09 8.31825 -4.22078 1.32607 8.3055 -4.21802 1.32639 
1.76771e+09 8.33103 -4.22471 1.32581 8.31718 -4.22163 1.32615 
1.76771e+09 8.34392 -4.22864 1.32555 8.33007 -4.22558 1.32589 
1.76771e+09 8.35652 -4.23245 1.32528 8.34288 -4.22949 1.32563 
1.76771e+09 8.3691 -4.23624 1.32502 8.35432 -4.23295 1.32539 
1.76771e+09 8.38142 -4.23992 1.32476 8.36695 -4.23676 1.32512 
1.76771e+09 8.39381 -4.2436 1.32449 8.37825 -4.24013 1.32488 
1.76771e+09 8.40591 -4.24716 1.32423 8.39071 -4.24383 1.32461 
1.76771e+09 8.41815 -4.25074 1.32396 8.40309 -4.24748 1.32433 
1.76771e+09 8.42993 -4.25416 1.3237 8.41539 -4.25107 1.32406 
1.76771e+09 8.44219 -4.25768 1.32342 8.4276 -4.25461 1.32378 
1.76771e+09 8.45368 -4.26095 1.32316 8.43973 -4.2581 1.32351 
1.76771e+09 8.46541 -4.26427 1.32289 8.45178 -4.26153 1.32323 
1.76771e+09 8.47737 -4.26762 1.32262 8.46374 -4.2649 1.32295 
1.76771e+09 8.48855 -4.27071 1.32236 8.47563 -4.26822 1.32268 
1.76771e+09 8.49996 -4.27384 1.32209 8.48743 -4.27148 1.3224 
1.76771e+09 8.51137 -4.27694 1.32182 8.49915 -4.27468 1.32212 
1.76771e+09 8.52285 -4.28003 1.32154 8.51078 -4.27782 1.32184 
1.76771e+09 8.53424 -4.28305 1.32126 8.52232 -4.28091 1.32157 
1.76771e+09 8.54506 -4.28589 1.321 8.53378 -4.28393 1.32129 
1.76771e+09 8.55583 -4.28868 1.32073 8.54514 -4.28689 1.32101 
1.76771e+09 8.56697 -4.29153 1.32045 8.55641 -4.28979 1.32073 
1.76771e+09 8.57786 -4.29428 1.32017 8.56758 -4.29263 1.32046 
1.76771e+09 8.5886 -4.29696 1.31989 8.57865 -4.29541 1.32018 
1.76771e+09 8.59889 -4.29948 1.31963 8.58962 -4.29812 1.3199 
1.76771e+09 8.60957 -4.30206 1.31935 8.60049 -4.30076 1.31962 
1.76771e+09 8.61926 -4.30437 1.31909 8.61018 -4.30309 1.31937 
1.76771e+09 8.63007 -4.3069 1.3188 8.62192 -4.30585 1.31906 
1.76771e+09 8.64044 -4.30929 1.31852 8.63247 -4.3083 1.31878 
1.76771e+09 8.65055 -4.31158 1.31824 8.64292 -4.31068 1.3185 
1.76771e+09 8.66054 -4.31379 1.31797 8.65326 -4.31299 1.31823 
1.76771e+09 8.66998 -4.31585 1.3177 8.66247 -4.31501 1.31797 
1.76771e+09 8.67969 -4.31792 1.31743 8.67261 -4.31719 1.31769 
1.76771e+09 8.6901 -4.32009 1.31713 8.68363 -4.3195 1.31739 
1.76771e+09 8.70044 -4.32219 1.31683 8.69353 -4.32153 1.3171 
1.76771e+09 8.70949 -4.32399 1.31656 8.70234 -4.3233 1.31685 
1.76771e+09 8.71782 -4.3256 1.31632 8.71106 -4.32501 1.3166 
1.76771e+09 8.72794 -4.32751 1.31601 8.7216 -4.32703 1.31629 
1.76771e+09 8.73713 -4.3292 1.31573 8.73106 -4.32878 1.31601 
1.76771e+09 8.7464 -4.33084 1.31545 8.74041 -4.33047 1.31572 
1.76771e+09 8.75542 -4.3324 1.31517 8.74964 -4.33208 1.31544 
1.76771e+09 8.76339 -4.33372 1.31492 8.75785 -4.33346 1.31519 
1.76771e+09 8.77304 -4.33527 1.31461 8.76686 -4.33493 1.3149 
1.76771e+09 8.78129 -4.33655 1.31435 8.77488 -4.3362 1.31465 
1.76771e+09 8.79035 -4.33789 1.31405 8.78455 -4.33766 1.31433 
1.76771e+09 8.79883 -4.33909 1.31377 8.79322 -4.33891 1.31405 
1.76771e+09 8.80708 -4.3402 1.3135 8.80178 -4.34009 1.31376 
1.76771e+09 8.81465 -4.34117 1.31324 8.80938 -4.34109 1.3135 
1.76771e+09 8.82352 -4.34225 1.31294 8.81855 -4.34222 1.31319 
1.76771e+09 8.83086 -4.34308 1.31269 8.82596 -4.34308 1.31293 
1.76771e+09 8.83887 -4.34394 1.31241 8.83408 -4.34397 1.31265 
1.76771e+09 8.84673 -4.34472 1.31213 8.84209 -4.34479 1.31236 
1.76771e+09 8.85462 -4.34543 1.31185 8.84998 -4.34552 1.31208 
1.76771e+09 8.86209 -4.34605 1.31158 8.85777 -4.34619 1.31179 
1.76771e+09 8.8703 -4.34666 1.31127 8.86621 -4.34683 1.31148 
1.76771e+09 8.87789 -4.34715 1.31099 8.87376 -4.34733 1.31119 
1.76771e+09 8.88434 -4.34751 1.31075 8.88046 -4.34772 1.31094 
1.76771e+09 8.89159 -4.34785 1.31047 8.88781 -4.34808 1.31065 
1.76771e+09 8.89915 -4.34814 1.31018 8.89504 -4.34837 1.31037 
1.76771e+09 8.90641 -4.34833 1.30989 8.90287 -4.3486 1.31006 
1.76771e+09 8.91329 -4.34845 1.30962 8.90988 -4.34872 1.30978 
1.76771e+09 8.92014 -4.34849 1.30934 8.91677 -4.34877 1.3095 
1.76771e+09 8.92704 -4.34846 1.30906 8.92356 -4.34875 1.30921 
1.76771e+09 8.93373 -4.34835 1.30879 8.93023 -4.34865 1.30893 
1.76771e+09 8.93933 -4.34819 1.30855 8.93615 -4.3485 1.30868 
1.76771e+09 8.94645 -4.34791 1.30825 8.94326 -4.34823 1.30838 
1.76771e+09 8.9527 -4.34758 1.30798 8.94961 -4.3479 1.3081 
1.76771e+09 8.95822 -4.34723 1.30774 8.95524 -4.34754 1.30785 
1.76771e+09 8.96489 -4.34671 1.30744 8.96199 -4.34703 1.30754 
1.76771e+09 8.97015 -4.34623 1.30721 8.96743 -4.34653 1.30729 
1.76771e+09 8.97657 -4.34555 1.30691 8.97278 -4.34598 1.30705 
1.76771e+09 8.98238 -4.34485 1.30664 8.97862 -4.34529 1.30677 
1.76771e+09 8.98763 -4.34414 1.3064 8.98378 -4.34461 1.30653 
1.76771e+09 8.99357 -4.34324 1.30612 8.98998 -4.3437 1.30623 
1.76771e+09 8.9986 -4.3424 1.30587 8.99496 -4.34288 1.30598 
1.76771e+09 9.00432 -4.34135 1.30559 9.00093 -4.3418 1.30568 
1.76771e+09 9.00968 -4.34027 1.30533 9.00625 -4.34074 1.30541 
1.76771e+09 9.01454 -4.3392 1.30508 9.01095 -4.33972 1.30517 
1.76771e+09 9.02021 -4.33785 1.30479 9.01557 -4.33865 1.30493 
1.76771e+09 9.02484 -4.33665 1.30455 9.02011 -4.33751 1.30469 
1.76771e+09 9.02967 -4.3353 1.30429 9.02505 -4.33617 1.30442 
1.76771e+09 9.03451 -4.33386 1.30403 9.0299 -4.33476 1.30416 
1.76771e+09 9.03915 -4.33237 1.30378 9.03464 -4.33327 1.30389 
1.76771e+09 9.04337 -4.33092 1.30355 9.03837 -4.33203 1.30368 
1.76771e+09 9.04793 -4.32926 1.30329 9.04294 -4.33041 1.30342 
1.76771e+09 9.05227 -4.32757 1.30304 9.04741 -4.32871 1.30316 
1.76771e+09 9.05665 -4.32576 1.30279 9.05135 -4.32712 1.30292 
1.76771e+09 9.06107 -4.32381 1.30253 9.05564 -4.32528 1.30266 
1.76771e+09 9.06506 -4.32195 1.30229 9.05984 -4.32337 1.30241 
1.76771e+09 9.06906 -4.31996 1.30204 9.06394 -4.32138 1.30215 
1.76771e+09 9.07307 -4.31786 1.30179 9.06795 -4.31932 1.30189 
1.76771e+09 9.07691 -4.31572 1.30155 9.07186 -4.31718 1.30164 
1.76771e+09 9.08076 -4.31346 1.3013 9.07569 -4.31496 1.30139 
1.76771e+09 9.08467 -4.31103 1.30105 9.07943 -4.31267 1.30113 
1.76771e+09 9.08774 -4.30902 1.30085 9.08235 -4.31079 1.30093 
1.76771e+09 9.09114 -4.30668 1.30062 9.08593 -4.30837 1.30068 
1.76771e+09 9.09461 -4.30418 1.30038 9.08942 -4.30587 1.30044 
1.76771e+09 9.0981 -4.30151 1.30013 9.09248 -4.30356 1.30022 
1.76771e+09 9.10137 -4.29888 1.2999 9.09581 -4.30093 1.29997 
1.76771e+09 9.10457 -4.29618 1.29967 9.09873 -4.2985 1.29975 
1.76771e+09 9.10756 -4.29352 1.29945 9.10189 -4.29573 1.29951 
1.76771e+09 9.11047 -4.29081 1.29923 9.10467 -4.29318 1.29929 
1.76771e+09 9.11331 -4.28803 1.29902 9.10768 -4.29028 1.29906 
1.76771e+09 9.11656 -4.28469 1.29876 9.11089 -4.28701 1.2988 
1.76771e+09 9.11915 -4.28189 1.29856 9.11374 -4.28396 1.29856 
1.76771e+09 9.12186 -4.27883 1.29834 9.1165 -4.28085 1.29833 
1.76771e+09 9.12449 -4.2757 1.29813 9.11918 -4.27767 1.2981 
1.76771e+09 9.12702 -4.27256 1.29791 9.12179 -4.27442 1.29787 
1.76771e+09 9.12943 -4.26943 1.29771 9.12408 -4.27144 1.29766 
1.76771e+09 9.13195 -4.26599 1.29749 9.12655 -4.26807 1.29744 
1.76771e+09 9.13426 -4.26269 1.29729 9.12895 -4.26463 1.29721 
1.76771e+09 9.13656 -4.25925 1.29708 9.13127 -4.26113 1.29699 
1.76771e+09 9.13882 -4.25573 1.29688 9.13286 -4.25865 1.29683 
1.76771e+09 9.141 -4.25216 1.29668 9.13508 -4.25504 1.29661 
1.76771e+09 9.14316 -4.24846 1.29647 9.13722 -4.25138 1.2964 
1.76771e+09 9.14517 -4.24486 1.29628 9.13931 -4.24766 1.29618 
1.76771e+09 9.1471 -4.24125 1.29609 9.14133 -4.24388 1.29597 
1.76771e+09 9.14901 -4.23752 1.2959 9.14328 -4.24004 1.29576 
1.76771e+09 9.15076 -4.23397 1.29573 9.145 -4.23655 1.29558 
1.76771e+09 9.15277 -4.22971 1.29552 9.14703 -4.23221 1.29535 
1.76771e+09 9.15437 -4.22616 1.29536 9.14864 -4.22861 1.29517 
1.76771e+09 9.15624 -4.22186 1.29516 9.15055 -4.22416 1.29496 
1.76771e+09 9.15769 -4.21836 1.29501 9.15206 -4.22046 1.29478 
1.76771e+09 9.15939 -4.21412 1.29483 9.1537 -4.21631 1.29459 
1.76771e+09 9.16112 -4.20961 1.29464 9.15544 -4.21168 1.29439 
1.76771e+09 9.16246 -4.20597 1.29449 9.15683 -4.20785 1.29422 
1.76771e+09 9.16412 -4.2013 1.2943 9.15847 -4.20312 1.29403 
1.76771e+09 9.16535 -4.19769 1.29416 9.15978 -4.1992 1.29387 
1.76771e+09 9.16679 -4.19335 1.294 9.16119 -4.1948 1.2937 
1.76771e+09 9.16834 -4.18848 1.29382 9.1627 -4.18991 1.29351 
1.76771e+09 9.16962 -4.18432 1.29368 9.16403 -4.18542 1.29335 
1.76771e+09 9.17093 -4.1799 1.29352 9.16533 -4.18089 1.29319 
1.76771e+09 9.17207 -4.17592 1.29339 9.16622 -4.17769 1.29308 
1.76771e+09 9.17341 -4.17112 1.29324 9.16759 -4.17263 1.29292 
1.76771e+09 9.17461 -4.16668 1.2931 9.1688 -4.16799 1.29277 
1.76771e+09 9.17581 -4.16212 1.29296 9.16987 -4.16379 1.29264 
1.76771e+09 9.17699 -4.15749 1.29282 9.17104 -4.15908 1.2925 
1.76771e+09 9.17818 -4.1527 1.29268 9.17206 -4.15482 1.29238 
1.76771e+09 9.1792 -4.14849 1.29256 9.17307 -4.15053 1.29226 
1.76771e+09 9.1804 -4.14344 1.29243 9.17429 -4.14525 1.29212 
1.76771e+09 9.18149 -4.13872 1.2923 9.17537 -4.14042 1.292 
1.76771e+09 9.1825 -4.1343 1.29219 9.17634 -4.13605 1.29189 
1.76771e+09 9.18366 -4.12913 1.29207 9.1775 -4.13067 1.29176 
1.76771e+09 9.18464 -4.12465 1.29196 9.17844 -4.12625 1.29166 
1.76771e+09 9.18587 -4.11899 1.29183 9.17958 -4.12081 1.29154 
1.76771e+09 9.18683 -4.11455 1.29174 9.18061 -4.11584 1.29144 
1.76771e+09 9.18785 -4.10975 1.29164 9.18164 -4.11083 1.29134 
1.76771e+09 9.1889 -4.10478 1.29154 9.18267 -4.10581 1.29125 
1.76771e+09 9.18992 -4.0999 1.29144 9.18369 -4.10076 1.29115 
1.76771e+09 9.19096 -4.09494 1.29135 9.18472 -4.09568 1.29107 
1.76771e+09 9.19199 -4.09001 1.29126 9.18575 -4.09058 1.29098 
1.76771e+09 9.19296 -4.08536 1.29118 9.18668 -4.08598 1.29091 
1.76771e+09 9.19404 -4.08025 1.2911 9.18772 -4.08084 1.29083 
1.76771e+09 9.19508 -4.07531 1.29102 9.18877 -4.07569 1.29076 
1.76771e+09 9.19632 -4.06947 1.29094 9.18995 -4.07 1.29068 
1.76771e+09 9.19732 -4.06481 1.29087 9.19103 -4.06482 1.29062 
1.76771e+09 9.19845 -4.0596 1.29081 9.19212 -4.05962 1.29056 
1.76771e+09 9.19963 -4.05425 1.29074 9.19324 -4.05441 1.2905 
1.76771e+09 9.20068 -4.04953 1.29069 9.19437 -4.04919 1.29045 
1.76771e+09 9.2019 -4.04414 1.29063 9.19552 -4.04396 1.2904 
1.76771e+09 9.20294 -4.03963 1.29059 9.19658 -4.03925 1.29036 
1.76771e+09 9.20429 -4.0339 1.29053 9.19778 -4.03401 1.29032 
1.76771e+09 9.20545 -4.02906 1.29049 9.19889 -4.02928 1.29028 
1.76771e+09 9.20667 -4.02406 1.29046 9.20014 -4.02403 1.29025 
1.76771e+09 9.20808 -4.01845 1.29042 9.20156 -4.01825 1.29022 
1.76771e+09 9.20925 -4.01387 1.29039 9.20274 -4.01352 1.2902 
1.76771e+09 9.21073 -4.00827 1.29036 9.20423 -4.00774 1.29017 
1.76771e+09 9.21204 -4.00341 1.29034 9.20548 -4.00301 1.29016 
1.76771e+09 9.21348 -3.9982 1.29032 9.20691 -3.99775 1.29015 
1.76771e+09 9.21506 -3.99268 1.29031 9.20853 -3.99198 1.29014 
1.76771e+09 9.21653 -3.98767 1.2903 9.21004 -3.98673 1.29013 
1.76771e+09 9.21809 -3.98251 1.29029 9.21161 -3.98148 1.29013 
1.76771e+09 9.21972 -3.97729 1.29029 9.21321 -3.97624 1.29014 
1.76771e+09 9.22127 -3.97244 1.29029 9.2147 -3.97153 1.29015 
1.76771e+09 9.22312 -3.96687 1.2903 9.21658 -3.96579 1.29016 
1.76771e+09 9.2247 -3.96224 1.29031 9.21816 -3.96109 1.29017 
1.76771e+09 9.22665 -3.95669 1.29033 9.22015 -3.95537 1.2902 
1.76771e+09 9.22833 -3.95208 1.29035 9.22184 -3.95069 1.29022 
1.76771e+09 9.23032 -3.94676 1.29037 9.22376 -3.94551 1.29025 
1.76771e+09 9.23248 -3.94119 1.2904 9.22594 -3.93983 1.29029 
1.76771e+09 9.23441 -3.9364 1.29043 9.22594 -3.93983 1.29029 
1.76771e+09 9.23441 -3.9364 1.29043 9.23011 -3.92954 1.29037 
1.76771e+09 9.23655 -3.93123 1.29047 9.23011 -3.92954 1.29037 
1.76771e+09 9.23847 -3.92672 1.29051 9.23206 -3.92493 1.29041 
1.76771e+09 9.24077 -3.92152 1.29056 9.2343 -3.91983 1.29047 
1.76771e+09 9.2433 -3.916 1.29061 9.23684 -3.91424 1.29053 
1.76771e+09 9.24564 -3.91105 1.29067 9.23923 -3.90918 1.29059 
1.76771e+09 9.24808 -3.90607 1.29073 9.24169 -3.90414 1.29066 
1.76771e+09 9.25033 -3.90162 1.29079 9.24396 -3.89963 1.29072 
1.76771e+09 9.25297 -3.89656 1.29086 9.24656 -3.89463 1.29079 
1.76771e+09 9.25597 -3.891 1.29094 9.24924 -3.88965 1.29087 
1.76771e+09 9.25838 -3.8867 1.29101 9.25172 -3.8852 1.29095 
1.76771e+09 9.26119 -3.88183 1.29109 9.25455 -3.88027 1.29103 
1.76771e+09 9.26422 -3.87675 1.29118 9.25717 -3.87586 1.29111 
1.76771e+09 9.26708 -3.87214 1.29127 9.25956 -3.87195 1.29119 
1.76771e+09 9.27002 -3.86753 1.29136 9.26261 -3.8671 1.29129 
1.76771e+09 9.27321 -3.86269 1.29147 9.26575 -3.86228 1.29139 
1.76771e+09 9.27648 -3.8579 1.29157 9.26575 -3.86228 1.29139 
1.76771e+09 9.27648 -3.8579 1.29157 9.2723 -3.85274 1.29162 
1.76771e+09 9.27979 -3.85321 1.29168 9.2723 -3.85274 1.29162 
1.76771e+09 9.28347 -3.84817 1.29181 9.27536 -3.84848 1.29172 
1.76771e+09 9.28693 -3.8436 1.29193 9.2785 -3.84426 1.29183 
1.76771e+09 9.29031 -3.83927 1.29204 9.28208 -3.8396 1.29196 
1.76771e+09 9.29391 -3.8348 1.29217 9.28501 -3.83589 1.29207 
1.76771e+09 9.29763 -3.83035 1.2923 9.28877 -3.83129 1.29221 
1.76771e+09 9.30154 -3.82581 1.29244 9.29264 -3.82673 1.29235 
1.76771e+09 9.30555 -3.82131 1.29258 9.29661 -3.82219 1.2925 
1.76771e+09 9.3096 -3.81691 1.29273 9.30069 -3.8177 1.29265 
1.76771e+09 9.31375 -3.81256 1.29288 9.30488 -3.81324 1.29281 
1.76771e+09 9.31804 -3.8082 1.29304 9.30918 -3.80882 1.29297 
1.76771e+09 9.32243 -3.80388 1.2932 9.3136 -3.80443 1.29314 
1.76771e+09 9.32688 -3.79966 1.29337 9.31814 -3.80009 1.29331 
1.76771e+09 9.33145 -3.79545 1.29354 9.32279 -3.79578 1.29348 
1.76771e+09 9.33593 -3.79146 1.29371 9.32659 -3.79237 1.29362 
1.76771e+09 9.34086 -3.78722 1.29389 9.33145 -3.78814 1.29381 
1.76771e+09 9.34619 -3.78279 1.2941 9.33693 -3.78354 1.29401 
1.76771e+09 9.35123 -3.77875 1.29429 9.34204 -3.7794 1.2942 
1.76771e+09 9.35604 -3.77501 1.29447 9.34726 -3.77532 1.2944 
1.76771e+09 9.36134 -3.77103 1.29467 9.3526 -3.77128 1.2946 
1.76771e+09 9.36664 -3.76717 1.29487 9.35806 -3.76729 1.29481 
1.76771e+09 9.372 -3.76341 1.29508 9.36308 -3.76375 1.295 
1.76771e+09 9.37766 -3.75956 1.2953 9.36934 -3.75947 1.29523 
1.76771e+09 9.38369 -3.7556 1.29553 9.37516 -3.75564 1.29545 
1.76771e+09 9.38923 -3.75208 1.29574 9.38111 -3.75187 1.29568 
1.76771e+09 9.39527 -3.74838 1.29597 9.38717 -3.74814 1.29591 
1.76771e+09 9.40073 -3.74513 1.29618 9.38717 -3.74814 1.29591 
1.76771e+09 9.40073 -3.74513 1.29618 9.39966 -3.74087 1.29638 
1.76771e+09 9.40807 -3.74093 1.29647 9.39966 -3.74087 1.29638 
1.76771e+09 9.41353 -3.73791 1.29668 9.40609 -3.73732 1.29662 
1.76771e+09 9.42022 -3.73434 1.29693 9.41265 -3.73382 1.29687 
1.76771e+09 9.42672 -3.73099 1.29718 9.41265 -3.73382 1.29687 
1.76771e+09 9.43328 -3.72772 1.29744 9.41933 -3.73039 1.29712 
1.76771e+09 9.43328 -3.72772 1.29744 9.43306 -3.7237 1.29764 
1.76771e+09 9.44023 -3.72437 1.2977 9.43306 -3.7237 1.29764 
1.76771e+09 9.44697 -3.72124 1.29796 9.44011 -3.72044 1.29791 
1.76771e+09 9.45374 -3.7182 1.29823 9.44729 -3.71725 1.29819 
1.76771e+09 9.46104 -3.71505 1.29851 9.4546 -3.71412 1.29847 
1.76771e+09 9.46816 -3.71208 1.29878 9.46204 -3.71105 1.29875 
1.76771e+09 9.47574 -3.70903 1.29907 9.46961 -3.70804 1.29904 
1.76771e+09 9.48294 -3.70624 1.29935 9.47731 -3.70509 1.29933 
1.76771e+09 9.49059 -3.70338 1.29964 9.48514 -3.70221 1.29962 
1.76771e+09 9.49776 -3.70079 1.29991 9.49229 -3.69967 1.29988 
1.76771e+09 9.50639 -3.69779 1.30024 9.50117 -3.69664 1.30021 
1.76771e+09 9.51433 -3.69515 1.30055 9.50937 -3.69395 1.30051 
1.76771e+09 9.52226 -3.6926 1.30085 9.51769 -3.69133 1.30082 
1.76771e+09 9.53037 -3.6901 1.30116 9.52612 -3.68877 1.30113 
1.76771e+09 9.53899 -3.68754 1.30149 9.53467 -3.68628 1.30144 
1.76771e+09 9.54656 -3.68538 1.30178 9.54246 -3.6841 1.30173 
1.76771e+09 9.5561 -3.68276 1.30214 9.55211 -3.6815 1.30208 
1.76771e+09 9.56457 -3.68053 1.30246 9.56099 -3.67921 1.30241 
1.76771e+09 9.57337 -3.67831 1.30279 9.56999 -3.67698 1.30274 
1.76771e+09 9.5818 -3.67627 1.30311 9.57818 -3.67504 1.30304 
1.76771e+09 9.59067 -3.67421 1.30345 9.58738 -3.67294 1.30338 
1.76771e+09 9.60091 -3.67194 1.30383 9.59764 -3.67071 1.30376 
1.76771e+09 9.61028 -3.66996 1.30418 9.60708 -3.66876 1.30411 
1.76771e+09 9.61928 -3.66814 1.30452 9.61664 -3.66687 1.30447 
1.76771e+09 9.62872 -3.66632 1.30488 9.62631 -3.66505 1.30482 
1.76771e+09 9.63895 -3.66443 1.30526 9.6361 -3.66329 1.30518 
1.76771e+09 9.64839 -3.66278 1.30561 9.646 -3.6616 1.30555 
1.76771e+09 9.65814 -3.66115 1.30598 9.65602 -3.65998 1.30592 
1.76771e+09 9.66845 -3.65952 1.30636 9.66615 -3.65842 1.30629 
1.76771e+09 9.67828 -3.65804 1.30673 9.67639 -3.65693 1.30667 
1.76771e+09 9.68812 -3.65663 1.30709 9.68571 -3.65564 1.30701 
1.76771e+09 9.69942 -3.65511 1.30751 9.69721 -3.65414 1.30743 
1.76771e+09 9.70936 -3.65385 1.30788 9.70779 -3.65284 1.30782 
1.76771e+09 9.71995 -3.65258 1.30827 9.71848 -3.65161 1.30821 
1.76771e+09 9.73078 -3.65136 1.30867 9.72928 -3.65044 1.30861 
1.76771e+09 9.7415 -3.65023 1.30907 9.74019 -3.64934 1.30901 
1.76771e+09 9.75288 -3.64911 1.30949 9.75121 -3.6483 1.30941 
1.76771e+09 9.76351 -3.64813 1.30988 9.76234 -3.64732 1.30982 
1.76771e+09 9.77478 -3.64717 1.31029 9.77357 -3.64641 1.31023 
1.76771e+09 9.78575 -3.64631 1.31069 9.78377 -3.64564 1.3106 
1.76771e+09 9.79667 -3.64551 1.31109 9.79521 -3.64485 1.31101 
1.76771e+09 9.80896 -3.64469 1.31154 9.80792 -3.64405 1.31147 
1.76771e+09 9.82036 -3.64401 1.31196 9.81958 -3.64339 1.31189 
1.76771e+09 9.83252 -3.64335 1.3124 9.83134 -3.64279 1.31232 
1.76771e+09 9.84376 -3.6428 1.31281 9.84321 -3.64226 1.31275 
1.76771e+09 9.85571 -3.64228 1.31324 9.85518 -3.64179 1.31318 
1.76771e+09 9.86839 -3.64181 1.3137 9.86725 -3.64138 1.31361 
1.76771e+09 9.87973 -3.64145 1.31411 9.87943 -3.64103 1.31405 
1.76771e+09 9.89215 -3.64112 1.31456 9.87943 -3.64103 1.31405 
1.76771e+09 9.89215 -3.64112 1.31456 9.90159 -3.64055 1.31484 
1.76771e+09 9.90411 -3.64086 1.31499 9.90159 -3.64055 1.31484 
1.76771e+09 9.91643 -3.64065 1.31544 9.91154 -3.64041 1.31519 
1.76771e+09 9.9285 -3.64051 1.31587 9.92406 -3.64028 1.31564 
1.76771e+09 9.94226 -3.64042 1.31636 9.93795 -3.6402 1.31613 
1.76771e+09 9.95366 -3.64039 1.31677 9.94939 -3.6402 1.31654 
1.76771e+09 9.96688 -3.64043 1.31724 9.9622 -3.64025 1.317 
1.76771e+09 9.97945 -3.64052 1.31769 9.97511 -3.64036 1.31746 
1.76771e+09 9.99368 -3.64069 1.3182 9.98942 -3.64055 1.31797 
1.76771e+09 10.0052 -3.64087 1.31861 10.0012 -3.64076 1.31839 
1.76771e+09 10.0182 -3.64114 1.31907 10.0144 -3.64105 1.31886 
1.76771e+09 10.0329 -3.6415 1.31959 10.029 -3.64143 1.31937 
1.76771e+09 10.0449 -3.64185 1.32002 10.029 -3.64143 1.31937 
1.76771e+09 10.0449 -3.64185 1.32002 10.0546 -3.64227 1.32027 
1.76771e+09 10.0579 -3.64228 1.32048 10.0546 -3.64227 1.32027 
1.76771e+09 10.0725 -3.64281 1.321 10.0695 -3.64285 1.32079 
1.76771e+09 10.0849 -3.64332 1.32144 10.0695 -3.64285 1.32079 
1.76771e+09 10.0849 -3.64332 1.32144 10.0969 -3.64408 1.32175 
1.76771e+09 10.0999 -3.64399 1.32196 10.0969 -3.64408 1.32175 
1.76771e+09 10.112 -3.64458 1.32239 10.1094 -3.64471 1.32218 
1.76771e+09 10.1277 -3.6454 1.32294 10.1247 -3.64554 1.32271 
1.76771e+09 10.1396 -3.64606 1.32336 10.1372 -3.64627 1.32315 
1.76771e+09 10.1535 -3.64689 1.32385 10.1513 -3.64713 1.32364 
1.76771e+09 10.1678 -3.64779 1.32435 10.1655 -3.64804 1.32413 
1.76771e+09 10.1816 -3.6487 1.32483 10.1797 -3.64901 1.32462 
1.76771e+09 10.1954 -3.64966 1.32531 10.194 -3.65004 1.3251 
1.76771e+09 10.2093 -3.65068 1.3258 10.2083 -3.65111 1.32559 
1.76771e+09 10.2235 -3.65176 1.32629 10.2227 -3.65224 1.32608 
1.76771e+09 10.2379 -3.65291 1.32679 10.2372 -3.65342 1.32657 
1.76771e+09 10.252 -3.65406 1.32728 10.2517 -3.65465 1.32706 
1.76771e+09 10.2663 -3.6553 1.32778 10.2663 -3.65593 1.32756 
1.76771e+09 10.2806 -3.65656 1.32827 10.2809 -3.65725 1.32805 
1.76771e+09 10.2952 -3.6579 1.32878 10.2956 -3.65862 1.32854 
1.76771e+09 10.3108 -3.65937 1.32931 10.3117 -3.66018 1.32909 
1.76771e+09 10.3244 -3.66071 1.32978 10.325 -3.6615 1.32954 
1.76771e+09 10.3403 -3.66231 1.33033 10.3412 -3.66316 1.33009 
1.76771e+09 10.3543 -3.66376 1.33081 10.356 -3.66471 1.33059 
1.76771e+09 10.369 -3.66532 1.33132 10.3708 -3.66631 1.33109 
1.76771e+09 10.3831 -3.66685 1.3318 10.3841 -3.66778 1.33154 
1.76771e+09 10.3975 -3.66845 1.33229 10.399 -3.66946 1.33205 
1.76771e+09 10.4137 -3.6703 1.33285 10.4154 -3.67135 1.3326 
1.76771e+09 10.4269 -3.67184 1.3333 10.4288 -3.67293 1.33306 
1.76771e+09 10.4427 -3.67372 1.33384 10.4452 -3.67491 1.33362 
1.76771e+09 10.4577 -3.67555 1.33435 10.4602 -3.67675 1.33412 
1.76771e+09 10.4712 -3.67722 1.33481 10.4736 -3.67844 1.33458 
1.76771e+09 10.4876 -3.67931 1.33537 10.4901 -3.68054 1.33514 
1.76771e+09 10.5026 -3.68123 1.33588 10.5051 -3.6825 1.33565 
1.76771e+09 10.5171 -3.68314 1.33637 10.5201 -3.68449 1.33616 
1.76771e+09 10.5312 -3.68503 1.33685 10.5336 -3.68631 1.33662 
1.76771e+09 10.5459 -3.68703 1.33735 10.5486 -3.68837 1.33713 
1.76771e+09 10.563 -3.68938 1.33793 10.5652 -3.69067 1.33769 
1.76771e+09 10.5769 -3.69134 1.3384 10.5802 -3.6928 1.3382 
1.76771e+09 10.5919 -3.69348 1.3389 10.5953 -3.69496 1.33871 
1.76771e+09 10.6065 -3.69558 1.33939 10.6088 -3.69693 1.33917 
1.76771e+09 10.6211 -3.69772 1.33989 10.6239 -3.69915 1.33968 
1.76771e+09 10.6374 -3.70016 1.34044 10.6404 -3.70163 1.34024 
1.76771e+09 10.652 -3.70235 1.34092 10.6555 -3.70391 1.34075 
1.76771e+09 10.667 -3.70465 1.34143 10.6705 -3.70623 1.34126 
1.76771e+09 10.6809 -3.7068 1.34189 10.684 -3.70833 1.34172 
1.76771e+09 10.6963 -3.70921 1.34241 10.6991 -3.7107 1.34223 
1.76771e+09 10.7107 -3.7115 1.34289 10.7141 -3.7131 1.34273 
1.76771e+09 10.7258 -3.71392 1.3434 10.7291 -3.71552 1.34324 
1.76771e+09 10.7408 -3.71635 1.3439 10.7441 -3.71797 1.34374 
1.76771e+09 10.7557 -3.71881 1.3444 10.7591 -3.72044 1.34425 
1.76771e+09 10.7733 -3.72172 1.34498 10.7756 -3.72319 1.3448 
1.76771e+09 10.7866 -3.72397 1.34542 10.789 -3.72546 1.34525 
1.76771e+09 10.8005 -3.72632 1.34588 10.804 -3.72801 1.34575 
1.76771e+09 10.8154 -3.72888 1.34638 10.8189 -3.73058 1.34625 
1.76771e+09 10.8302 -3.73144 1.34687 10.8338 -3.73317 1.34675 
1.76771e+09 10.847 -3.73438 1.34743 10.8487 -3.73577 1.34725 
1.76771e+09 10.8601 -3.73669 1.34786 10.862 -3.73814 1.34769 
1.76771e+09 10.8749 -3.73933 1.34835 10.8769 -3.74079 1.34818 
1.76771e+09 10.8897 -3.74199 1.34884 10.8916 -3.74345 1.34868 
1.76771e+09 10.9054 -3.74484 1.34936 10.902 -3.74533 1.34902 
1.76771e+09 10.9196 -3.74744 1.34983 10.9167 -3.74802 1.34951 
1.76771e+09 10.9335 -3.75001 1.35029 10.9299 -3.75046 1.34995 
1.76771e+09 10.9491 -3.7529 1.3508 10.9461 -3.75346 1.35049 
1.76771e+09 10.964 -3.75571 1.35129 10.9607 -3.7562 1.35097 
1.76771e+09 10.9773 -3.75822 1.35173 10.9738 -3.75869 1.35141 
1.76771e+09 10.9924 -3.76109 1.35222 10.9898 -3.76173 1.35194 
1.76771e+09 11.0079 -3.76407 1.35273 11.0043 -3.76452 1.35242 
1.76771e+09 11.0215 -3.76672 1.35318 11.0188 -3.76732 1.3529 
1.76771e+09 11.0358 -3.76949 1.35364 11.0332 -3.77013 1.35337 
1.76771e+09 11.0502 -3.77233 1.35412 11.0476 -3.77296 1.35385 
1.76771e+09 11.0645 -3.77515 1.35458 11.0619 -3.77579 1.35432 
1.76771e+09 11.0786 -3.77797 1.35504 11.0762 -3.77864 1.35479 
1.76771e+09 11.0929 -3.78083 1.35551 11.0905 -3.7815 1.35526 
1.76771e+09 11.1066 -3.7836 1.35596 11.1047 -3.78437 1.35573 
1.76771e+09 11.1197 -3.78627 1.35638 11.1174 -3.78696 1.35615 
1.76771e+09 11.1349 -3.78937 1.35688 11.1329 -3.79013 1.35666 
1.76771e+09 11.1487 -3.79221 1.35733 11.1469 -3.79302 1.35712 
1.76771e+09 11.1611 -3.79479 1.35773 11.1595 -3.79562 1.35753 
1.76771e+09 11.176 -3.79789 1.35821 11.1748 -3.79881 1.35803 
1.76771e+09 11.1892 -3.80065 1.35864 11.1858 -3.80113 1.35839 
1.76771e+09 11.2022 -3.80339 1.35906 11.1982 -3.80375 1.3588 
1.76771e+09 11.2165 -3.80643 1.35952 11.2119 -3.80665 1.35925 
1.76771e+09 11.2297 -3.80926 1.35995 11.2256 -3.80955 1.35969 
1.76771e+09 11.2428 -3.81206 1.36037 11.2391 -3.81245 1.36014 
1.76771e+09 11.256 -3.81491 1.3608 11.2499 -3.81477 1.36049 
1.76771e+09 11.2691 -3.81774 1.36122 11.2633 -3.81767 1.36092 
1.76771e+09 11.2826 -3.82068 1.36166 11.2766 -3.82056 1.36136 
1.76771e+09 11.295 -3.82341 1.36206 11.2885 -3.82316 1.36175 
1.76771e+09 11.3092 -3.82654 1.36252 11.3029 -3.82634 1.36222 
1.76771e+09 11.3206 -3.82906 1.36288 11.3146 -3.82893 1.3626 
1.76771e+09 11.3334 -3.83189 1.36329 11.3276 -3.83181 1.36302 
1.76771e+09 11.3467 -3.83487 1.36372 11.3405 -3.83468 1.36344 
1.76771e+09 11.3588 -3.83759 1.36411 11.3532 -3.83754 1.36385 
1.76771e+09 11.3713 -3.8404 1.36451 11.3659 -3.8404 1.36426 
1.76771e+09 11.3834 -3.84316 1.3649 11.3785 -3.84325 1.36467 
1.76771e+09 11.3958 -3.84597 1.36529 11.391 -3.84609 1.36508 
1.76771e+09 11.4082 -3.84881 1.36569 11.4034 -3.84892 1.36548 
1.76771e+09 11.4201 -3.85155 1.36607 11.4157 -3.85173 1.36588 
1.76771e+09 11.4322 -3.85435 1.36646 11.4266 -3.85426 1.36623 
1.76771e+09 11.444 -3.85707 1.36683 11.4387 -3.85706 1.36662 
1.76771e+09 11.4554 -3.85973 1.3672 11.4507 -3.85984 1.36701 
1.76771e+09 11.467 -3.86244 1.36757 11.4626 -3.86261 1.3674 
1.76771e+09 11.4787 -3.86519 1.36794 11.4743 -3.86537 1.36778 
1.76771e+09 11.49 -3.86786 1.3683 11.486 -3.86811 1.36815 
1.76771e+09 11.5015 -3.87057 1.36867 11.4975 -3.87083 1.36853 
1.76771e+09 11.5125 -3.87319 1.36902 11.5089 -3.87354 1.36889 
1.76771e+09 11.5241 -3.87595 1.36939 11.518 -3.87569 1.36918 
1.76771e+09 11.5343 -3.87839 1.36971 11.5291 -3.87836 1.36954 
1.76771e+09 11.5453 -3.88104 1.37006 11.5402 -3.88102 1.3699 
1.76771e+09 11.5561 -3.88364 1.3704 11.5512 -3.88365 1.37025 
1.76771e+09 11.5671 -3.88629 1.37075 11.5512 -3.88365 1.37025 
1.76771e+09 11.5671 -3.88629 1.37075 11.5727 -3.88885 1.37094 
1.76771e+09 11.5772 -3.88876 1.37107 11.5727 -3.88885 1.37094 
1.76771e+09 11.5873 -3.89121 1.37139 11.5833 -3.89142 1.37128 
1.76771e+09 11.5979 -3.89381 1.37172 11.5937 -3.89397 1.37162 
1.76771e+09 11.6076 -3.8962 1.37203 11.604 -3.8965 1.37194 
1.76771e+09 11.6178 -3.89871 1.37235 11.6142 -3.899 1.37227 
1.76771e+09 11.6277 -3.90115 1.37266 11.6243 -3.90148 1.37259 
1.76771e+09 11.6371 -3.90348 1.37296 11.6342 -3.90394 1.37291 
1.76771e+09 11.647 -3.90593 1.37327 11.644 -3.90637 1.37322 
1.76771e+09 11.6561 -3.90821 1.37356 11.6537 -3.90878 1.37352 
1.76771e+09 11.6653 -3.91052 1.37385 11.6632 -3.91116 1.37383 
1.76771e+09 11.675 -3.91296 1.37415 11.6726 -3.91351 1.37413 
1.76771e+09 11.6839 -3.91519 1.37443 11.6819 -3.91584 1.37442 
1.76771e+09 11.6927 -3.91742 1.37471 11.691 -3.91814 1.37471 
1.76771e+09 11.691 -3.91814 1.37471 11.7 -3.92041 1.375 
1.76771e+09 11.691 -3.91814 1.37471 11.7088 -3.92265 1.37528 
1.76771e+09 11.691 -3.91814 1.37471 11.7175 -3.92487 1.37555 
1.76771e+09 11.691 -3.91814 1.37471 11.7252 -3.92683 1.3758 
1.76771e+09 11.691 -3.91814 1.37471 11.7336 -3.92897 1.37611 
1.76771e+09 11.691 -3.91814 1.37471 11.7417 -3.93105 1.37645 
1.76771e+09 11.691 -3.91814 1.37471 11.7495 -3.93306 1.37683 
1.76771e+09 11.691 -3.91814 1.37471 11.7569 -3.93497 1.37725 
1.76771e+09 11.691 -3.91814 1.37471 11.7639 -3.93676 1.37768 
1.76771e+09 11.691 -3.91814 1.37471 11.7702 -3.9384 1.37811 
1.76771e+09 11.691 -3.91814 1.37471 11.7759 -3.93987 1.3785 
1.76771e+09 11.691 -3.91814 1.37471 11.7803 -3.94104 1.37878 
1.76771e+09 11.691 -3.91814 1.37471 11.7849 -3.94224 1.37901 
1.76771e+09 11.691 -3.91814 1.37471 11.7882 -3.94311 1.37906 
1.76771e+09 11.691 -3.91814 1.37471 11.7908 -3.94378 1.37897 
1.76771e+09 11.691 -3.91814 1.37471 11.7924 -3.94422 1.37875 
1.76771e+09 11.691 -3.91814 1.37471 11.7936 -3.94454 1.37833 
1.76771e+09 11.691 -3.91814 1.37471 11.794 -3.94466 1.3778 
1.76771e+09 11.691 -3.91814 1.37471 11.7938 -3.94462 1.37716 
1.76771e+09 11.691 -3.91814 1.37471 11.7931 -3.94444 1.37644 
1.76771e+09 11.691 -3.91814 1.37471 11.7918 -3.94414 1.37566 
1.76771e+09 11.691 -3.91814 1.37471 11.7909 -3.9439 1.37516 
1.76771e+09 11.691 -3.91814 1.37471 11.7889 -3.94343 1.37432 
1.76771e+09 11.691 -3.91814 1.37471 11.7867 -3.94286 1.37347 
1.76771e+09 11.691 -3.91814 1.37471 11.7841 -3.94222 1.37262 
1.76771e+09 11.691 -3.91814 1.37471 11.7813 -3.94151 1.37179 
1.76771e+09 11.691 -3.91814 1.37471 11.7782 -3.94073 1.37099 
1.76771e+09 11.691 -3.91814 1.37471 11.775 -3.9399 1.37023 
1.76771e+09 11.691 -3.91814 1.37471 11.7715 -3.93903 1.36951 
1.76771e+09 11.691 -3.91814 1.37471 11.768 -3.93812 1.36885 
1.76771e+09 11.691 -3.91814 1.37471 11.7643 -3.93718 1.36825 
1.76771e+09 11.691 -3.91814 1.37471 11.7605 -3.93622 1.36772 
1.76771e+09 11.691 -3.91814 1.37471 11.7567 -3.93525 1.36725 
1.76771e+09 11.691 -3.91814 1.37471 11.7529 -3.93427 1.36686 
1.76771e+09 11.691 -3.91814 1.37471 11.7492 -3.9333 1.36653 
1.76771e+09 11.691 -3.91814 1.37471 11.7454 -3.93234 1.36628 
1.76771e+09 11.691 -3.91814 1.37471 11.7418 -3.93141 1.3661 
1.76771e+09 11.691 -3.91814 1.37471 11.7383 -3.9305 1.36598 
1.76771e+09 11.691 -3.91814 1.37471 11.7349 -3.92962 1.36592 
1.76771e+09 11.691 -3.91814 1.37471 11.7316 -3.92878 1.36592 
1.76771e+09 11.691 -3.91814 1.37471 11.7286 -3.92799 1.36597 
1.76771e+09 11.691 -3.91814 1.37471 11.7257 -3.92724 1.36606 
1.76771e+09 11.691 -3.91814 1.37471 11.7232 -3.92661 1.36618 
1.76771e+09 11.691 -3.91814 1.37471 11.7207 -3.92595 1.36633 
1.76771e+09 11.691 -3.91814 1.37471 11.7183 -3.92534 1.36651 
1.76771e+09 11.691 -3.91814 1.37471 11.7166 -3.92489 1.36667 
1.76771e+09 11.691 -3.91814 1.37471 11.7148 -3.92441 1.36686 
1.76771e+09 11.691 -3.91814 1.37471 11.7129 -3.92393 1.36708 
1.76771e+09 11.691 -3.91814 1.37471 11.7113 -3.92349 1.36731 
1.76771e+09 11.691 -3.91814 1.37471 11.7098 -3.9231 1.36753 
1.76771e+09 11.691 -3.91814 1.37471 11.7084 -3.92274 1.36776 
1.76771e+09 11.691 -3.91814 1.37471 11.7073 -3.92246 1.36796 
1.76771e+09 11.691 -3.91814 1.37471 11.7062 -3.92215 1.36821 
1.76771e+09 11.691 -3.91814 1.37471 11.7052 -3.9219 1.36842 
1.76771e+09 11.691 -3.91814 1.37471 11.7044 -3.92169 1.36862 
1.76771e+09 11.691 -3.91814 1.37471 11.7038 -3.92151 1.36881 
1.76771e+09 11.691 -3.91814 1.37471 11.7032 -3.92136 1.369 
1.76771e+09 11.691 -3.91814 1.37471 11.7027 -3.92123 1.36917 
1.76771e+09 11.691 -3.91814 1.37471 11.7023 -3.92113 1.36933 
1.76771e+09 11.691 -3.91814 1.37471 11.7021 -3.92105 1.36948 
1.76771e+09 11.691 -3.91814 1.37471 11.7018 -3.92098 1.36964 
1.76771e+09 11.691 -3.91814 1.37471 11.7016 -3.92093 1.36978 
1.76771e+09 11.691 -3.91814 1.37471 11.7015 -3.92089 1.36991 
1.76771e+09 11.691 -3.91814 1.37471 11.7014 -3.92087 1.37004 
1.76771e+09 11.691 -3.91814 1.37471 11.7013 -3.92085 1.37017 
1.76771e+09 11.691 -3.91814 1.37471 11.7013 -3.92084 1.37029 
1.76771e+09 11.691 -3.91814 1.37471 11.7013 -3.92083 1.3704 
1.76771e+09 11.691 -3.91814 1.37471 11.7013 -3.92083 1.37051 
1.76771e+09 11.691 -3.91814 1.37471 11.7013 -3.92083 1.37063 
1.76771e+09 11.691 -3.91814 1.37471 11.7013 -3.92082 1.37074 
1.76771e+09 11.691 -3.91814 1.37471 11.7013 -3.92082 1.37085 
1.76771e+09 11.691 -3.91814 1.37471 11.7013 -3.92082 1.37096 
1.76771e+09 11.691 -3.91814 1.37471 11.7013 -3.92081 1.37106 
1.76771e+09 11.691 -3.91814 1.37471 11.7012 -3.9208 1.37116 
1.76771e+09 11.691 -3.91814 1.37471 11.7012 -3.92079 1.37127 
1.76771e+09 11.691 -3.91814 1.37471 11.7011 -3.92078 1.37137 
1.76771e+09 11.691 -3.91814 1.37471 11.7011 -3.92076 1.37147 
